Conme	Cochsnm
平安银行股份有限公司	平安银行
万科企业股份有限公司	万科
金田实业(集团)股份有限公司	深金田
深圳中国农大科技股份有限公司	国农科技
深圳世纪星源股份有限公司	世纪星源
深圳市振业(集团)股份有限公司	深振业
深圳市全新好股份有限公司	全新好
神州高铁技术股份有限公司	神州高铁
中国宝安集团股份有限公司	中国宝安
北京深华新股份有限公司	深华新
深圳市物业发展(集团)股份有限公司	深物业
中国南玻集团股份有限公司	南玻集团
深圳石化工业集团股份有限公司	深石化
沙河实业股份有限公司	沙河股份
深圳中浩(集团)股份有限公司	深中浩
康佳集团股份有限公司	深康佳
深圳中华自行车(集团)股份有限公司	深中华
神州长城股份有限公司	神州长城
深圳市深宝实业股份有限公司	深深宝
深圳中恒华发股份有限公司	深华发
深圳长城开发科技股份有限公司	深科技
深圳赤湾港航股份有限公司	深赤湾
深圳市天地(集团)股份有限公司	深天地
招商局地产控股股份有限公司	招商地产
深圳市特力(集团)股份有限公司	深特力
飞亚达(集团)股份有限公司	飞亚达
深圳能源集团股份有限公司	深圳能源
国药集团一致药业股份有限公司	国药一致
深圳经济特区房地产(集团)股份有限公司	深房集团
富奥汽车零部件股份有限公司	富奥股份
中粮地产(集团)股份有限公司	中粮地产
深圳市桑达实业股份有限公司	深桑达
深圳新都酒店股份有限公司	新都酒店
深圳市深信泰丰(集团)股份有限公司	深信泰丰
中国天楹股份有限公司	中国天楹
华联控股股份有限公司	华联控股
深圳南山热电股份有限公司	深南电
深圳大通实业股份有限公司	深大通
中国国际海运集装箱(集团)股份有限公司	中集集团
宝安鸿基地产集团股份有限公司	宝安地产
深圳市中洲投资控股股份有限公司	中洲控股
中航地产股份有限公司	中航地产
深圳市纺织(集团)股份有限公司	深纺织
泛海控股股份有限公司	泛海控股
深圳市中侨发展股份有限公司	深中侨
深圳市康达尔(集团)股份有限公司	康达尔
深圳市德赛电池科技股份有限公司	德赛电池
天马微电子股份有限公司	深天马
方大集团股份有限公司	方大集团
深圳市皇庭国际企业股份有限公司	皇庭国际
深圳赛格股份有限公司	深赛格
北方华锦化学工业股份有限公司	华锦股份
深圳市中金岭南有色金属股份有限公司	中金岭南
深圳市农产品股份有限公司	农产品
深圳华强实业股份有限公司	深圳华强
中兴通讯股份有限公司	中兴通讯
北方国际合作股份有限公司	北方国际
中国长城计算机深圳股份有限公司	长城电脑
深圳华控赛格股份有限公司	华控赛格
深圳华侨城股份有限公司	华侨城
深圳市特发信息股份有限公司	特发信息
深圳市海王生物工程股份有限公司	海王生物
深圳市盐田港股份有限公司	盐田港
深圳市机场股份有限公司	深圳机场
深圳市天健(集团)股份有限公司	天健集团
深圳市广聚能源股份有限公司	广聚能源
中信海洋直升机股份有限公司	中信海直
TCL集团股份有限公司	TCL集团
宜华健康医疗股份有限公司	宜华健康
中成进出口股份有限公司	中成股份
安徽丰原药业股份有限公司	丰原药业
川化股份有限公司	川化股份
华数传媒控股股份有限公司	华数传媒
中联重科股份有限公司	中联重科
石家庄常山纺织股份有限公司	常山股份
新疆国际实业股份有限公司	国际实业
申万宏源集团股份有限公司	申万宏源
江苏吴江中国东方丝绸市场股份有限公司	东方市场
美的集团股份有限公司	美的集团
潍柴动力股份有限公司	潍柴动力
许继电气股份有限公司	许继电气
唐山冀东水泥股份有限公司	冀东水泥
金融街控股股份有限公司	金融街
振兴生化股份有限公司	振兴生化
华意压缩机股份有限公司	华意压缩
珠海鑫光集团股份有限公司	有色鑫光
中国石化胜利油田大明(集团)股份有限公司	石油大明
山东胜利股份有限公司	胜利股份
金谷源控股股份有限公司	金谷源
山东地矿股份有限公司	山东地矿
沈阳机床股份有限公司	沈阳机床
浙江英特集团股份有限公司	英特集团
长春北方五环实业股份有限公司	北方五环
东旭光电科技股份有限公司	东旭光电
渤海金控投资股份有限公司	渤海金控
民生控股股份有限公司	民生控股
合肥百货大楼集团股份有限公司	合肥百货
无锡小天鹅股份有限公司	小天鹅
长沙通程控股股份有限公司	通程控股
吉林化纤股份有限公司	吉林化纤
南京中北(集团)股份有限公司	南京中北
湖北宜化化工股份有限公司	湖北宜化
东阿阿胶股份有限公司	东阿阿胶
徐工集团工程机械股份有限公司	徐工机械
内蒙古兴业矿业股份有限公司	兴业矿业
华天酒店集团股份有限公司	华天酒店
广东省高速公路发展股份有限公司	粤高速
张家界旅游集团股份有限公司	张家界
山东晨鸣纸业集团股份有限公司	晨鸣纸业
山东高速路桥集团股份有限公司	山东路桥
武汉武商集团股份有限公司	鄂武商
绿景控股股份有限公司	绿景控股
海虹企业(控股)股份有限公司	海虹控股
南华生物医药股份有限公司	南华生物
海南珠江控股股份有限公司	珠江控股
中润资源投资股份有限公司	中润资源
珠海港股份有限公司	珠海港
海南民源现代农业发展股份有限公司	琼民源
华塑控股股份有限公司	华塑控股
四川金路集团股份有限公司	金路集团
银基烯碳新材料股份有限公司	烯碳新材
丽珠医药集团股份有限公司	丽珠集团
重庆渝开发股份有限公司	渝开发
攀钢集团重庆钛业股份有限公司	攀渝钛业
西安国际医学投资股份有限公司	国际医学
荣安地产股份有限公司	荣安地产
江苏四环生物股份有限公司	四环生物
湖南江南红箭股份有限公司	江南红箭
长航凤凰股份有限公司	长航凤凰
合肥美菱股份有限公司	美菱电器
广州白云山制药股份有限公司	白云山制药
广州市浪奇实业股份有限公司	广州浪奇
广州岭南集团控股股份有限公司	岭南控股
南京红太阳股份有限公司	红太阳
厦门银润投资股份有限公司	银润投资
广东美的电器股份有限公司	美的电器
广西柳工机械股份有限公司	柳工
广东广弘控股股份有限公司	广弘控股
大连冷冻机股份有限公司	大冷股份
广州恒运企业集团股份有限公司	穗恒运
力合股份有限公司	力合股份
广东万家乐股份有限公司	万家乐
万泽实业股份有限公司	万泽股份
猴王股份有限公司	猴王
华映科技(集团)股份有限公司	华映科技
天津广宇发展股份有限公司	广宇发展
云南白药集团股份有限公司	云南白药
广东电力发展股份有限公司	粤电力
中天城投集团股份有限公司	中天城投
佛山电器照明股份有限公司	佛山照明
TCL通讯设备股份有限公司	TCL通讯
安徽省皖能股份有限公司	皖能电力
中原环保股份有限公司	中原环保
吉林金浦钛业股份有限公司	金浦钛业
金圆水泥股份有限公司	金圆股份
航天工业发展股份有限公司	航天发展
湖南投资集团股份有限公司	湖南投资
湘火炬汽车集团股份有限公司	湘火炬
江铃汽车股份有限公司	江铃汽车
创元科技股份有限公司	创元科技
甘肃靖远煤电股份有限公司	靖远煤电
湖北沙隆达股份有限公司	沙隆达
中国石化山东泰山石油股份有限公司	泰山石油
神州数码信息服务股份有限公司	神州信息
南洋航运集团股份有限公司	南洋航运
广夏(银川)实业股份有限公司	银广夏
莱茵达体育发展股份有限公司	莱茵体育
万向钱潮股份有限公司	万向钱潮
昆明百货大楼(集团)股份有限公司	昆百大
陕西烽火电子股份有限公司	烽火电子
宏源证券股份有限公司	宏源证券
陕西省国际信托股份有限公司	陕国投
西安民生集团股份有限公司	西安民生
重庆三峡油漆股份有限公司	渝三峡
海南海药股份有限公司	海南海药
海南海德实业股份有限公司	海德股份
泸州老窖股份有限公司	泸州老窖
攀钢集团四川长城特殊钢股份有限公司	长城股份
常柴股份有限公司	苏常柴
新大洲控股股份有限公司	新大洲
海马汽车集团股份有限公司	海马汽车
东莞宏远工业区股份有限公司	粤宏远
江门甘蔗化工厂(集团)股份有限公司	广东甘化
青海盐湖工业集团股份有限公司	盐湖集团
无锡威孚高科技集团股份有限公司	威孚高科
北部湾港股份有限公司	北部湾港
四川托普软件投资股份有限公司	托普软件
江苏友利投资控股股份有限公司	友利控股
东北电气发展股份有限公司	东北电气
四川汇源光通信股份有限公司	汇源通信
金叶珠宝股份有限公司	金叶珠宝
广东金曼集团股份有限公司	粤金曼
贵州轮胎股份有限公司	黔轮胎
紫光古汉集团股份有限公司	紫光古汉
重庆桐君阁股份有限公司	桐君阁
中福海峡(平潭)发展股份有限公司	平潭发展
四川大通燃气开发股份有限公司	大通燃气
天津国恒铁路控股股份有限公司	国恒铁路
宝塔实业股份有限公司	宝塔实业
安徽古井贡酒股份有限公司	古井贡酒
东北制药集团股份有限公司	东北制药
成都市兴蓉环境股份有限公司	兴蓉环境
青岛双星股份有限公司	青岛双星
河北建投能源投资股份有限公司	建投能源
广东韶能集团股份有限公司	韶能股份
广东金马旅游集团股份有限公司	金马集团
盛达矿业股份有限公司	盛达矿业
渤海水业股份有限公司	渤海股份
青海明胶股份有限公司	青海明胶
浙江华媒控股股份有限公司	华媒控股
阳光新业地产股份有限公司	阳光股份
北京绵世投资集团股份有限公司	绵世股份
西安旅游股份有限公司	西安旅游
内蒙古敕勒川科技发展股份有限公司	内蒙发展
焦作万方铝业股份有限公司	焦作万方
海南大东海旅游中心股份有限公司	大东海
湖北金环股份有限公司	湖北金环
海航投资集团股份有限公司	海航投资
济南柴油机股份有限公司	石油济柴
吉林化学工业股份有限公司	吉林化工
芜湖海螺型材科技股份有限公司	海螺型材
新华联不动产股份有限公司	新华联
比特科技控股股份有限公司	比特1
恒立实业发展集团股份有限公司	恒立实业
吉林敖东药业集团股份有限公司	吉林敖东
重庆长安汽车股份有限公司	长安汽车
连云港如意集团股份有限公司	如意集团
天茂实业集团股份有限公司	天茂集团
成都高新发展股份有限公司	高新发展
攀钢集团钒钛资源股份有限公司	攀钢钒钛
铜陵有色金属集团股份有限公司	铜陵有色
顺发恒业股份公司	顺发恒业
福建三木集团股份有限公司	三木集团
沈阳合金投资股份有限公司	合金投资
宁夏英力特化工股份有限公司	英力特
广东风华高新科技股份有限公司	风华高科
茂名石化实华股份有限公司	茂化实华
万方城镇投资发展股份有限公司	万方发展
西王食品股份有限公司	西王食品
仁和药业股份有限公司	仁和药业
珠海格力电器股份有限公司	格力电器
天津泰达股份有限公司	泰达股份
福建九州集团股份有限公司	九州股份
山东金岭矿业股份有限公司	金岭矿业
金科地产集团股份有限公司	金科股份
中钨高新材料股份有限公司	中钨高新
厦门海洋实业(集团)股份有限公司	海洋集团
珠海中富实业股份有限公司	珠海中富
广州汇集实业股份有限公司	汇集实业
长春高新技术产业(集团)股份有限公司	长春高新
索芙特股份有限公司	索芙特
福建省永安林业(集团)股份有限公司	永安林业
湖北省广播电视信息网络股份有限公司	湖北广电
经纬纺织机械股份有限公司	经纬纺机
美好置业集团股份有限公司	美好集团
荣丰控股集团股份有限公司	荣丰控股
中油金鸿能源投资股份有限公司	金鸿能源
盈方微电子股份有限公司	盈方微
阳光城集团股份有限公司	阳光城
甘肃上峰水泥股份有限公司	上峰水泥
当代东方投资股份有限公司	当代东方
四川银山化工(集团)股份有限公司	银山化工
智度投资股份有限公司	智度投资
恒天海龙股份有限公司	恒天海龙
襄阳汽车轴承股份有限公司	襄阳轴承
大连友谊(集团)股份有限公司	大连友谊
山推工程机械股份有限公司	山推股份
视觉(中国)文化发展股份有限公司	视觉中国
东方电子股份有限公司	东方电子
内蒙古远兴能源股份有限公司	远兴能源
中山公用事业集团股份有限公司	中山公用
东北证券股份有限公司	东北证券
华讯方舟股份有限公司	华讯方舟
建新矿业股份有限责任公司	建新矿业
汕头宏业(集团)股份有限公司	宏业集团
广东宝丽华新能源股份有限公司	宝新能源
海南亚太实业发展股份有限公司	亚太实业
沈阳惠天热电股份有限公司	惠天热电
成都华泽钴镍材料股份有限公司	华泽钴镍
天津滨海能源发展股份有限公司	滨海能源
陕西炼石有色资源股份有限公司	炼石有色
沈阳化工股份有限公司	沈阳化工
佳木斯金地造纸股份有限公司	佳纸股份
江南模塑科技股份有限公司	模塑科技
厦门信达股份有限公司	厦门信达
湖南正虹科技发展股份有限公司	正虹科技
恒逸石化股份有限公司	恒逸石化
浙江震元股份有限公司	浙江震元
湖北双环科技股份有限公司	双环科技
大冶特殊钢股份有限公司	大冶特钢
河北钢铁股份有限公司	河钢股份
成都天兴仪表股份有限公司	天兴仪表
黑龙江京蓝科技股份有限公司	京蓝科技
广东锦龙发展股份有限公司	锦龙股份
合肥丰乐种业股份有限公司	丰乐种业
中兴-沈阳商业大厦(集团)股份有限公司	中兴商业
南方黑芝麻集团股份有限公司	黑芝麻
广东韶钢松山股份有限公司	韶钢松山
苏宁环球股份有限公司	苏宁环球
中原大地传媒股份有限公司	大地传媒
山东新能泰山发电股份有限公司	新能泰山
西安饮食股份有限公司	西安饮食
湖南发展集团股份有限公司	湖南发展
山西美锦能源股份有限公司	美锦能源
京东方科技集团股份有限公司	京东方
鲁泰纺织股份有限公司	鲁泰纺织
南京华东电子信息科技股份有限公司	华东科技
国元证券股份有限公司	国元证券
北京燕京啤酒股份有限公司	燕京啤酒
沈阳特种环保设备制造股份有限公司	环保股份
四川美丰化工股份有限公司	四川美丰
泰禾集团股份有限公司	泰禾集团
中国振华(集团)科技股份有限公司	振华科技
罗牛山股份有限公司	罗牛山
中房地产股份有限公司	中房地产
南风化工集团股份有限公司	南风化工
中航动力控制股份有限公司	中航动控
普洛药业股份有限公司	普洛药业
长城信息产业股份有限公司	长城信息
国海证券股份有限公司	国海证券
葫芦岛锌业股份有限公司	锌业股份
西藏银河科技发展股份有限公司	西藏发展
福建漳州发展股份有限公司	漳州发展
山西三维集团股份有限公司	山西三维
山东新华制药股份有限公司	新华制药
四川浩物机电股份有限公司	浩物股份
中国有色金属建设股份有限公司	中色股份
中百控股集团股份有限公司	中百集团
斯太尔动力股份有限公司	斯太尔
本钢板材股份有限公司	本钢板材
西藏矿业发展股份有限公司	西藏矿业
锦州石化股份有限公司	锦州石化
武汉华信高新技术股份有限公司	华信股份
通化金马药业集团股份有限公司	通化金马
山西漳泽电力股份有限公司	漳泽电力
中航飞机股份有限公司	中航飞机
沈阳菲菲澳家现代农业股份有限公司	菲菲农业
广发证券股份有限公司	广发证券
中核苏阀科技实业股份有限公司	中核科技
新兴铸管股份有限公司	新兴铸管
兰州三毛实业股份有限公司	三毛派神
内蒙古平庄能源股份有限公司	平庄能源
广东新会美达锦纶股份有限公司	美达股份
长江证券股份有限公司	长江证券
武汉中商集团股份有限公司	武汉中商
北新集团建材股份有限公司	北新建材
创智信息科技股份有限公司	创智科技
北大医药股份有限公司	北大医药
江西万年青水泥股份有限公司	万年青
成都华神集团股份有限公司	华神集团
甘肃电投能源发展股份有限公司	甘肃电投
青海盐湖工业股份有限公司	盐湖股份
华闻传媒投资集团股份有限公司	华闻传媒
英洛华科技股份有限公司	英洛华
海航凯撒旅游集团股份有限公司	凯撒旅游
中国武夷实业股份有限公司	中国武夷
中水集团远洋股份有限公司	中水渔业
酒鬼酒股份有限公司	酒鬼酒
一汽轿车股份有限公司	一汽轿车
四川九洲电器股份有限公司	四川九洲
北京京西文化旅游股份有限公司	北京文化
四川金宇汽车城(集团)股份有限公司	金宇车城
江苏炎黄在线物流股份有限公司	炎黄物流
北海银河生物产业投资股份有限公司	银河生物
云南铝业股份有限公司	云铝股份
铁岭新城投资控股股份有限公司	铁岭新城
创维数字股份有限公司	创维数字
烟台冰轮股份有限公司	烟台冰轮
陕西金叶科教集团股份有限公司	陕西金叶
新疆天山毛纺织股份有限公司	天山纺织
中冶美利纸业股份有限公司	美利纸业
江苏农华智慧农业科技股份有限公司	智慧农业
辽河金马油田股份有限公司	辽河油田
方大锦化化工科技股份有限公司	方大化工
岳阳兴长石化股份有限公司	岳阳兴长
金城造纸股份有限公司	金城股份
湖北京山轻工机械股份有限公司	京山轻机
山东海化股份有限公司	山东海化
广东汕头超声电子股份有限公司	超声电子
山西太钢不锈钢股份有限公司	太钢不锈
启迪桑德环境资源股份有限公司	启迪桑德
大连长兴实业股份有限公司	长兴实业
东莞发展控股股份有限公司	东莞控股
天音通信控股股份有限公司	天音控股
鲁西化工集团股份有限公司	鲁西化工
五矿稀土股份有限公司	五矿稀土
黑龙江龙涤股份有限公司	龙涤股份
广西贵糖(集团)股份有限公司	贵糖股份
长城国际动漫游戏股份有限公司	长城动漫
天津鑫茂科技股份有限公司	鑫茂科技
秦川机床工具集团股份公司	秦川机床
财信国兴地产发展股份有限公司	财信发展
中信国安信息产业股份有限公司	中信国安
河北承德露露股份有限公司	承德露露
安徽华茂纺织股份有限公司	华茂股份
大唐高鸿数据网络技术股份有限公司	高鸿股份
中石化石油机械股份有限公司	石化机械
唐山冀东装备工程股份有限公司	冀东装备
宜宾五粮液股份有限公司	五粮液
安徽国风塑业股份有限公司	国风塑业
北京顺鑫农业股份有限公司	顺鑫农业
广东海印集团股份有限公司	海印股份
宁夏银星能源股份有限公司	银星能源
三湘股份有限公司	三湘股份
中国石化扬子石油化工股份有限公司	扬子石化
安徽安凯汽车股份有限公司	安凯客车
烟台张裕葡萄酿酒股份有限公司	张裕
吉林电力股份有限公司	吉电股份
新希望六和股份有限公司	新希望
新疆天山水泥股份有限公司	天山股份
云南铜业股份有限公司	云南铜业
潍柴重机股份有限公司	潍柴重机
中国大连国际合作(集团)股份有限公司	大连国际
北京华联商厦股份有限公司	华联股份
湖北能源集团股份有限公司	湖北能源
河南同力水泥股份有限公司	同力水泥
海南高速公路股份有限公司	海南高速
安徽中鼎密封件股份有限公司	中鼎股份
峨眉山旅游股份有限公司	峨眉山
茂业通信网络股份有限公司	茂业通信
江苏法尔胜股份有限公司	法尔胜
星美联合股份有限公司	星美联合
广州东凌国际投资股份有限公司	东凌国际
河南双汇投资发展股份有限公司	双汇发展
天津津滨发展股份有限公司	津滨发展
鞍钢股份有限公司	鞍钢股份
江西赣能股份有限公司	赣能股份
现代投资股份有限公司	现代投资
航天科技控股集团股份有限公司	航天科技
湖北新洋丰肥业股份有限公司	新洋丰
昆明云内动力股份有限公司	云内动力
厦门港务发展股份有限公司	厦门港务
物产中拓股份有限公司	物产中拓
湖南景峰医药股份有限公司	景峰医药
数源科技股份有限公司	数源科技
大亚科技股份有限公司	大亚科技
南宁糖业股份有限公司	南宁糖业
四川泸天化股份有限公司	泸天化
浙江钱江摩托股份有限公司	钱江摩托
山东山大华特科技股份有限公司	山大华特
华北高速公路股份有限公司	华北高速
湖南电广传媒股份有限公司	电广传媒
嘉凯城集团股份有限公司	嘉凯城
金陵药业股份有限公司	金陵药业
南方汇通股份有限公司	南方汇通
海信科龙电器股份有限公司	海信科龙
哈尔滨电气集团佳木斯电机股份有限公司	佳电股份
河北宣化工程机械股份有限公司	河北宣工
浙江众合科技股份有限公司	众合科技
湖北福星科技股份有限公司	福星股份
天津一汽夏利汽车股份有限公司	一汽夏利
中钢国际工程技术股份有限公司	中钢国际
兰州黄河企业股份有限公司	兰州黄河
中粮生物化学(安徽)股份有限公司	中粮生化
北京中关村科技发展(控股)股份有限公司	中关村
湖南华菱钢铁股份有限公司	华菱钢铁
河南神火煤电股份有限公司	神火股份
四川双马水泥股份有限公司	四川双马
江苏华西村股份有限公司	华西股份
冀中能源股份有限公司	冀中能源
紫光股份有限公司	紫光股份
凯迪生态环境科技股份有限公司	凯迪生态
云南南天电子信息产业股份有限公司	南天信息
新乡化纤股份有限公司	新乡化纤
重庆建峰化工股份有限公司	建峰化工
中国重汽集团济南卡车股份有限公司	中国重汽
湖北广济药业股份有限公司	广济药业
广西河池化工股份有限公司	河池化工
欣龙控股(集团)股份有限公司	欣龙控股
中国石化中原油气高新股份有限公司	中原油气
中通客车控股股份有限公司	中通客车
石家庄东方能源股份有限公司	东方能源
北京首钢股份有限公司	首钢股份
云南锡业股份有限公司	锡业股份
江苏中南建设集团股份有限公司	中南建设
宁夏东方钽业股份有限公司	东方钽业
华东医药股份有限公司	华东医药
天津天保基建股份有限公司	天保基建
国电长源电力股份有限公司	长源电力
盈峰环境科技集团股份有限公司	盈峰环境
太原煤气化股份有限公司	煤气化
安泰科技股份有限公司	安泰科技
北京中科三环高技术股份有限公司	中科三环
高升控股股份有限公司	高升控股
新疆中基实业股份有限公司	新中基
佛山佛塑科技集团股份有限公司	佛塑科技
银泰资源股份有限公司	银泰资源
广东开平春晖股份有限公司	春晖股份
浪潮电子信息产业股份有限公司	浪潮信息
桂林旅游股份有限公司	桂林旅游
中弘控股股份有限公司	中弘股份
黄山金马股份有限公司	金马股份
银亿房地产股份有限公司	银亿股份
宁夏中银绒业股份有限公司	中银绒业
山西西山煤电股份有限公司	西山煤电
大庆华科股份有限公司	大庆华科
广州友谊集团股份有限公司	广州友谊
华工科技产业股份有限公司	华工科技
九芝堂股份有限公司	九芝堂
诚志股份有限公司	诚志股份
福建闽东电力股份有限公司	闽东电力
甘肃皇台酒业股份有限公司	皇台酒业
中国中期投资股份有限公司	中国中期
福建新大陆电脑股份有限公司	新大陆
袁隆平农业高科技股份有限公司	隆平高科
华润三九医药股份有限公司	华润三九
重庆宗申动力机械股份有限公司	宗申动力
河南豫能控股股份有限公司	豫能控股
招商局蛇口工业区控股股份有限公司	招商蛇口
浙江新和成股份有限公司	新和成
鸿达兴业股份有限公司	鸿达兴业
浙江伟星实业发展股份有限公司	伟星股份
华邦生命健康股份有限公司	华邦健康
广东德豪润达电气股份有限公司	德豪润达
浙江精功科技股份有限公司	精功科技
华兰生物工程股份有限公司	华兰生物
大族激光科技产业集团股份有限公司	大族激光
天奇自动化工程股份有限公司	天奇股份
浙江传化股份有限公司	传化股份
浙江盾安人工环境股份有限公司	盾安环境
浙江凯恩特种材料股份有限公司	凯恩股份
中航工业机电系统股份有限公司	中航机电
黄山永新股份有限公司	永新股份
江苏霞客环保色纺股份有限公司	霞客环保
广东世荣兆业股份有限公司	世荣兆业
东信和平科技股份有限公司	东信和平
安徽华信国际控股股份有限公司	华信国际
亿帆鑫富药业股份有限公司	亿帆鑫富
浙江京新药业股份有限公司	京新药业
中捷资源投资股份有限公司	中捷资源
上海科华生物工程股份有限公司	科华生物
四川海特高新技术股份有限公司	海特高新
苏宁云商集团股份有限公司	苏宁云商
贵州航天电器股份有限公司	航天电器
山东威达机械股份有限公司	山东威达
七喜控股股份有限公司	七喜控股
思源电气股份有限公司	思源电气
福建七匹狼实业股份有限公司	七匹狼
中山大学达安基因股份有限公司	达安基因
巨轮智能装备股份有限公司	巨轮智能
浙江苏泊尔股份有限公司	苏泊尔
丽江玉龙旅游股份有限公司	丽江旅游
浙江美欣达印染集团股份有限公司	美欣达
华帝股份有限公司	华帝股份
联创电子科技股份有限公司	联创电子
贵州久联民爆器材发展股份有限公司	久联发展
北京双鹭药业股份有限公司	双鹭药业
贵州黔源电力股份有限公司	黔源电力
南京港股份有限公司	南京港
山东登海种业股份有限公司	登海种业
华孚色纺股份有限公司	华孚色纺
德华兔宝宝装饰新材股份有限公司	兔宝宝
美年大健康产业控股股份有限公司	美年健康
国光电器股份有限公司	国光电器
洛阳轴研科技股份有限公司	轴研科技
深圳市宝鹰建设控股集团股份有限公司	宝鹰股份
宁波华翔电子股份有限公司	宁波华翔
同方国芯电子股份有限公司	同方国芯
浙江三花股份有限公司	三花股份
中工国际工程股份有限公司	中工国际
深圳市同洲电子股份有限公司	同洲电子
云南盐化股份有限公司	云南盐化
广东德美精细化工股份有限公司	德美化工
深圳市得润电子股份有限公司	得润电子
横店集团东磁股份有限公司	横店东磁
中钢集团安徽天源科技股份有限公司	中钢天源
上海威尔泰工业自动化股份有限公司	威尔泰
云南旅游股份有限公司	云南旅游
广东水电二局股份有限公司	粤水电
浙江江山化工股份有限公司	江山化工
宏润建设集团股份有限公司	宏润建设
远光软件股份有限公司	远光软件
浙江华峰氨纶股份有限公司	华峰氨纶
东华软件股份公司	东华软件
瑞泰科技股份有限公司	瑞泰科技
浙江景兴纸业股份有限公司	景兴纸业
江西黑猫炭黑股份有限公司	黑猫股份
獐子岛集团股份有限公司	獐子岛
福建众和股份有限公司	众和股份
长城影视股份有限公司	长城影视
凯瑞德控股股份有限公司	凯瑞德
软控股份有限公司	软控股份
国轩高科股份有限公司	国轩高科
江苏沙钢股份有限公司	沙钢股份
广东雪莱特光电科技股份有限公司	雪莱特
江苏大港股份有限公司	大港股份
山东太阳纸业股份有限公司	太阳纸业
苏州固锝电子股份有限公司	苏州固锝
中材科技股份有限公司	中材科技
苏州金螳螂建筑装饰股份有限公司	金螳螂
浙江栋梁新材股份有限公司	栋梁新材
孚日集团股份有限公司	孚日股份
广州海鸥卫浴用品股份有限公司	海鸥卫浴
浙江万丰奥威汽轮股份有限公司	万丰奥威
山东东方海洋科技股份有限公司	东方海洋
河南新野纺织股份有限公司	新野纺织
山东鲁阳节能材料股份有限公司	鲁阳节能
苏州新海宜通信科技股份有限公司	新海宜
江苏金智科技股份有限公司	金智科技
江苏国泰国际集团国贸股份有限公司	江苏国泰
新疆中泰化学股份有限公司	中泰化学
国脉科技股份有限公司	国脉科技
青岛金王应用化学股份有限公司	青岛金王
浙江网盛生意宝股份有限公司	生意宝
湖南南岭民用爆破器材股份有限公司	南岭民爆
山河智能装备股份有限公司	山河智能
福建浔兴拉链科技股份有限公司	浔兴股份
浙江海翔药业股份有限公司	海翔药业
新疆天康畜牧生物技术股份有限公司	天康生物
广东鸿图科技股份有限公司	广东鸿图
福建冠福现代家用股份有限公司	冠福股份
广博集团股份有限公司	广博股份
恒宝股份有限公司	恒宝股份
深圳信隆实业股份有限公司	信隆实业
深圳莱宝高科技股份有限公司	莱宝高科
山东沃华医药科技股份有限公司	沃华医药
沧州明珠塑料股份有限公司	沧州明珠
陕西兴化化学股份有限公司	兴化股份
福建三钢闽光股份有限公司	三钢闽光
威海广泰空港设备股份有限公司	威海广泰
三变科技股份有限公司	三变科技
湖南天润实业控股股份有限公司	天润控股
云南罗平锌电股份有限公司	罗平锌电
三维通信股份有限公司	三维通信
中国海诚工程科技股份有限公司	中国海诚
东港股份有限公司	东港股份
吉林紫鑫药业股份有限公司	紫鑫药业
宁波康强电子股份有限公司	康强电子
宁波新海电气股份有限公司	新海股份
深圳市科陆电子科技股份有限公司	科陆电子
天马轴承集团股份有限公司	天马股份
荣信电力电子股份有限公司	荣信股份
宁波天邦股份有限公司	天邦股份
湘潭电化科技股份有限公司	湘潭电化
浙江银轮机械股份有限公司	银轮股份
南极电商股份有限公司	南极电商
内蒙古霍林河露天煤业股份有限公司	露天煤业
天津中环半导体股份有限公司	中环股份
深圳市沃尔核材股份有限公司	沃尔核材
利欧集团股份有限公司	利欧股份
河南恒星科技股份有限公司	恒星科技
广宇集团股份有限公司	广宇集团
天津普林电路股份有限公司	天津普林
浙江东南网架股份有限公司	东南网架
安徽安纳达钛业股份有限公司	安纳达
深圳市麦达数字股份有限公司	麦达数字
深圳顺络电子股份有限公司	顺络电子
深圳拓邦股份有限公司	拓邦股份
东华工程科技股份有限公司	东华科技
广东蓉胜超微线材股份有限公司	蓉胜超微
宁波银行股份有限公司	宁波银行
印纪娱乐传媒股份有限公司	印纪传媒
宏达高科控股股份有限公司	宏达高科
中核华原钛白股份有限公司	中核钛白
荣盛房地产发展股份有限公司	荣盛发展
马鞍山方圆回转支承股份有限公司	方圆支承
北京北纬通信科技股份有限公司	北纬通信
西部金属材料股份有限公司	西部材料
江苏通润装备科技股份有限公司	通润装备
北京北斗星通导航技术股份有限公司	北斗星通
广州广电运通金融电子股份有限公司	广电运通
北京中长石基信息技术股份有限公司	石基信息
浙江报喜鸟服饰股份有限公司	报喜鸟
湖南黄金股份有限公司	湖南黄金
南通富士通微电子股份有限公司	通富微电
江西正邦科技股份有限公司	正邦科技
上海汉钟精机股份有限公司	汉钟精机
武汉三特索道集团股份有限公司	三特索道
江苏常铝铝业股份有限公司	常铝股份
深圳市远望谷信息技术股份有限公司	远望谷
上海悦心健康集团股份有限公司	悦心健康
中航三鑫股份有限公司	中航三鑫
宁波东力股份有限公司	宁波东力
红宝丽集团股份有限公司	红宝丽
桂林莱茵生物科技股份有限公司	莱茵生物
广东东方锆业科技股份有限公司	东方锆业
深圳市惠程电气股份有限公司	深圳惠程
广州智光电气股份有限公司	智光电气
深圳市芭田生态工程股份有限公司	芭田股份
安徽楚江科技新材料股份有限公司	楚江新材
江苏澳洋科技股份有限公司	澳洋科技
千足珍珠集团股份有限公司	千足珍珠
游族网络股份有限公司	游族网络
东方时代网络传媒股份有限公司	东方网络
江西特种电机股份有限公司	江特电机
广州御银科技股份有限公司	御银股份
上海延华智能科技(集团)股份有限公司	延华智能
中航光电科技股份有限公司	中航光电
珠海艾派克科技股份有限公司	艾派克
广东广州日报传媒股份有限公司	粤传媒
南京云海特种金属股份有限公司	云海金属
深圳市怡亚通供应链股份有限公司	怡亚通
上海海得控制系统股份有限公司	海得控制
天水华天科技股份有限公司	华天科技
中国全聚德(集团)股份有限公司	全聚德
广州市广百股份有限公司	广百股份
巴士在线股份有限公司	巴士在线
利达光电股份有限公司	利达光电
四川成飞集成科技股份有限公司	成飞集成
深圳劲嘉彩印集团股份有限公司	劲嘉股份
融捷股份有限公司	融捷股份
山东济宁如意毛纺织股份有限公司	山东如意
武汉凡谷电子技术股份有限公司	武汉凡谷
上海二三四五网络控股集团股份有限公司	二三四五
浙江方正电机股份有限公司	方正电机
深圳市证通电子股份有限公司	证通电子
广东嘉应制药股份有限公司	嘉应制药
浙江东晶电子股份有限公司	东晶电子
云南云投生态环境科技股份有限公司	云投生态
江苏九鼎新材料股份有限公司	九鼎新材
新疆金风科技股份有限公司	金风科技
浙江海亮股份有限公司	海亮股份
大连华锐重工集团股份有限公司	大连重工
新疆国统管道股份有限公司	国统股份
浙江海利得新材料股份有限公司	海利得
新疆准东石油技术股份有限公司	准油股份
合肥城建发展股份有限公司	合肥城建
广州达意隆包装机械股份有限公司	达意隆
深圳市飞马国际供应链股份有限公司	飞马国际
江苏宏达新材料股份有限公司	宏达新材
广东南洋电缆集团股份有限公司	南洋股份
深圳市特尔佳科技股份有限公司	特尔佳
浙江大立科技股份有限公司	大立科技
深圳诺普信农化股份有限公司	诺普信
三全食品股份有限公司	三全食品
合力泰科技股份有限公司	合力泰
深圳市拓日新能源科技股份有限公司	拓日新能
恒康医疗集团股份有限公司	恒康医疗
大连天宝绿色食品股份有限公司	天宝股份
东华能源股份有限公司	东华能源
福建福晶科技股份有限公司	福晶科技
江苏鱼跃医疗设备股份有限公司	鱼跃医疗
三力士股份有限公司	三力士
濮阳濮耐高温材料(集团)股份有限公司	濮耐股份
安徽江南化工股份有限公司	江南化工
深圳奥特迅电力设备股份有限公司	奥特迅
厦门合兴包装印刷股份有限公司	合兴包装
鸿博股份有限公司	鸿博股份
科大讯飞股份有限公司	科大讯飞
奥维通信股份有限公司	奥维通信
启明信息技术股份有限公司	启明信息
广东塔牌集团股份有限公司	塔牌集团
山东民和牧业股份有限公司	民和股份
厦门安妮股份有限公司	安妮股份
浙江大华技术股份有限公司	大华股份
山东恒邦冶炼股份有限公司	恒邦股份
深圳市天威视讯股份有限公司	天威视讯
奥特佳新能源科技股份有限公司	奥特佳
广东威华股份有限公司	威华股份
歌尔声学股份有限公司	歌尔声学
九阳股份有限公司	九阳股份
深圳市通产丽星股份有限公司	通产丽星
杭州滨江房产集团股份有限公司	滨江集团
江苏澳洋顺昌股份有限公司	澳洋顺昌
四川北方硝化棉股份有限公司	北化股份
浙江帝龙新材料股份有限公司	帝龙新材
威海华东数控股份有限公司	华东数控
中山大洋电机股份有限公司	大洋电机
联化科技股份有限公司	联化科技
步步高商业连锁股份有限公司	步步高
上海莱士血液制品股份有限公司	上海莱士
四川川大智胜软件股份有限公司	川大智胜
烟台泰和新材料股份有限公司	泰和新材
苏州海陆重工股份有限公司	海陆重工
深圳市彩虹精细化工股份有限公司	彩虹精化
利尔化学股份有限公司	利尔化学
四川升达林业产业股份有限公司	升达林业
德奥通用航空股份有限公司	德奥通航
拓维信息系统股份有限公司	拓维信息
江苏恩华药业股份有限公司	恩华药业
浙江大东南股份有限公司	大东南
新华都购物广场股份有限公司	新华都
云南西仪工业股份有限公司	西仪股份
浙富控股集团股份有限公司	浙富控股
陕西省天然气股份有限公司	陕天然气
成都卫士通信息产业股份有限公司	卫士通
上海美特斯邦威服饰股份有限公司	美邦服饰
山东法因数控机械股份有限公司	法因数控
北京东方雨虹防水技术股份有限公司	东方雨虹
四川川润股份有限公司	川润股份
浙江水晶光电科技股份有限公司	水晶光电
江苏华昌化工股份有限公司	华昌化工
桂林三金药业股份有限公司	桂林三金
浙江万马股份有限公司	万马股份
湖南友谊阿波罗商业股份有限公司	友阿股份
上海神开石油化工装备股份有限公司	神开股份
北京久其软件股份有限公司	久其软件
杭州联络互动信息科技股份有限公司	联络互动
武汉光迅科技股份有限公司	光迅科技
博深工具股份有限公司	博深工具
天润曲轴股份有限公司	天润曲轴
浙江亚太机电股份有限公司	亚太股份
深圳世联行地产顾问股份有限公司	世联行
保龄宝生物股份有限公司	保龄宝
西藏奇正藏药股份有限公司	奇正藏药
广东超华科技股份有限公司	超华科技
深圳市宇顺电子股份有限公司	宇顺电子
苏州禾盛新型材料股份有限公司	禾盛新材
佛山星期六鞋业股份有限公司	星期六
奥飞娱乐股份有限公司	奥飞娱乐
罗莱生活科技股份有限公司	罗莱生活
深圳信立泰药业股份有限公司	信立泰
广东精艺金属股份有限公司	精艺股份
河南辉煌科技股份有限公司	辉煌科技
湖南博云新材料股份有限公司	博云新材
安徽中电兴发与鑫龙科技股份有限公司	中电鑫龙
福建圣农发展股份有限公司	圣农发展
福建南平太阳电缆股份有限公司	太阳电缆
深圳齐心集团股份有限公司	齐心集团
中建西部建设股份有限公司	西部建设
美盈森集团股份有限公司	美盈森
江苏洋河酒厂股份有限公司	洋河股份
武汉南国置业股份有限公司	南国置业
中科云网科技集团股份有限公司	中科云网
新疆北新路桥集团股份有限公司	北新路桥
广东威创视讯科技股份有限公司	威创股份
中利科技集团股份有限公司	中利科技
北京东方园林生态股份有限公司	东方园林
广东海大集团股份有限公司	海大集团
成都三泰控股集团股份有限公司	三泰控股
深圳日海通讯技术股份有限公司	日海通讯
深圳市新南山控股(集团)股份有限公司	南山控股
焦点科技股份有限公司	焦点科技
深圳键桥通讯技术股份有限公司	键桥通讯
广东众生药业股份有限公司	众生药业
浙江久立特材科技股份有限公司	久立特材
珠海市乐通化工股份有限公司	乐通股份
海南海峡航运股份有限公司	海峡股份
河南华英农业发展股份有限公司	华英农业
宁波理工监测科技股份有限公司	理工监测
江苏雅百特科技股份有限公司	雅百特
上海普利特复合材料股份有限公司	普利特
深圳市洪涛装饰股份有限公司	洪涛股份
浙江永太科技股份有限公司	永太科技
深圳市富安娜家居用品股份有限公司	富安娜
上海新朋实业股份有限公司	新朋股份
皇氏集团股份有限公司	皇氏集团
山东得利斯食品股份有限公司	得利斯
安徽皖通科技股份有限公司	皖通科技
浙江仙琚制药股份有限公司	仙琚制药
苏州罗普斯金铝业股份有限公司	罗普斯金
深圳市英威腾电气股份有限公司	英威腾
厦门科华恒盛股份有限公司	科华恒盛
人人乐连锁商业集团股份有限公司	人人乐
天津赛象科技股份有限公司	赛象科技
长春奥普光电技术股份有限公司	奥普光电
积成电子股份有限公司	积成电子
格林美股份有限公司	格林美
深圳市新纶科技股份有限公司	新纶科技
巨力索具股份有限公司	巨力索具
慈文传媒股份有限公司	慈文传媒
海宁中国皮革城股份有限公司	海宁皮城
广东潮宏基实业股份有限公司	潮宏基
上海柘中集团股份有限公司	柘中股份
泰尔重工股份有限公司	泰尔重工
广东高乐玩具股份有限公司	高乐股份
精华制药集团股份有限公司	精华制药
北京科锐配电自动化股份有限公司	北京科锐
深圳市漫步者科技股份有限公司	漫步者
马鞍山鼎泰稀土新材料股份有限公司	鼎泰新材
烟台杰瑞石油服务集团股份有限公司	杰瑞股份
大连天神娱乐股份有限公司	天神娱乐
山东兴民钢圈股份有限公司	兴民钢圈
深圳浩宁达仪表股份有限公司	浩宁达
四川富临运业集团股份有限公司	富临运业
河南森源电气股份有限公司	森源电气
山东齐星铁塔科技股份有限公司	齐星铁塔
山西同德化工股份有限公司	同德化工
安徽神剑新材料股份有限公司	神剑股份
汉王科技股份有限公司	汉王科技
山东隆基机械股份有限公司	隆基机械
杭州中恒电气股份有限公司	中恒电气
潜江永安药业股份有限公司	永安药业
台海玛努尔核电设备股份有限公司	台海核电
康力电梯股份有限公司	康力电梯
太极计算机股份有限公司	太极股份
深圳市卓翼科技股份有限公司	卓翼科技
浙江亚太药业股份有限公司	亚太药业
北京七星华创电子股份有限公司	七星电子
浙江伟星新型建材股份有限公司	伟星新材
北京千方科技股份有限公司	千方科技
山东丽鹏股份有限公司	丽鹏股份
浙江亚厦装饰股份有限公司	亚厦股份
山东新北洋信息技术股份有限公司	新北洋
湖北国创高新材料股份有限公司	国创高新
崇义章源钨业股份有限公司	章源钨业
鲁丰环保科技股份有限公司	鲁丰环保
南京科远自动化集团股份有限公司	科远股份
浙江双箭橡胶股份有限公司	双箭股份
蓝帆医疗股份有限公司	蓝帆医疗
北京合众思壮科技股份有限公司	合众思壮
苏州东山精密制造股份有限公司	东山精密
北京大北农科技集团股份有限公司	大北农
宜宾天原集团股份有限公司	天原集团
黑牛食品股份有限公司	黑牛食品
深圳市新亚电子制程股份有限公司	新亚制程
浙江南洋科技股份有限公司	南洋科技
贵州信邦制药股份有限公司	信邦制药
江苏长青农化股份有限公司	长青股份
北京利尔高温材料股份有限公司	北京利尔
天津力生制药股份有限公司	力生制药
江苏联发纺织股份有限公司	联发股份
无锡双象超纤材料股份有限公司	双象股份
福建星网锐捷通讯股份有限公司	星网锐捷
湖南梦洁家纺股份有限公司	梦洁家纺
厦门市建筑科学研究院集团股份有限公司	建研集团
深圳市海普瑞药业股份有限公司	海普瑞
广东省广告集团股份有限公司	省广股份
中海网络科技股份有限公司	中海科技
深圳和而泰智能控制股份有限公司	和而泰
浙江爱仕达电器股份有限公司	爱仕达
浙江嘉欣丝绸股份有限公司	嘉欣丝绸
北京四维图新科技股份有限公司	四维图新
许昌远东传动轴股份有限公司	远东传动
多氟多化工股份有限公司	多氟多
淄博齐翔腾达化工股份有限公司	齐翔腾达
江苏雅克科技股份有限公司	雅克科技
广联达软件股份有限公司	广联达
江苏必康制药股份有限公司	必康股份
湖南汉森制药股份有限公司	汉森制药
江苏雷科防务科技股份有限公司	雷科防务
武汉高德红外股份有限公司	高德红外
杭州海康威视数字技术股份有限公司	海康威视
深圳市爱施德股份有限公司	爱施德
福建三元达通讯股份有限公司	三元达
浙江康盛股份有限公司	康盛股份
天虹商场股份有限公司	天虹商场
广州毅昌科技股份有限公司	毅昌股份
深圳达实智能股份有限公司	达实智能
四川科伦药业股份有限公司	科伦药业
中原特钢股份有限公司	中原特钢
贵州百灵企业集团制药股份有限公司	贵州百灵
凯撒(中国)股份有限公司	凯撒股份
苏州胜利精密制造科技股份有限公司	胜利精密
浙江尤夫高新纤维股份有限公司	尤夫股份
云南临沧鑫圆锗业股份有限公司	云南锗业
深圳市兆驰股份有限公司	兆驰股份
杭州杭氧股份有限公司	杭氧股份
棕榈园林股份有限公司	棕榈园林
天津九安医疗电子股份有限公司	九安医疗
广东太安堂药业股份有限公司	太安堂
浙江万里扬股份有限公司	万里扬
长江润发机械股份有限公司	长江润发
深圳市兴森快捷电路科技股份有限公司	兴森科技
哈尔滨誉衡药业股份有限公司	誉衡药业
江苏神通阀门股份有限公司	江苏神通
启明星辰信息技术集团股份有限公司	启明星辰
浙江闰土股份有限公司	闰土股份
众业达电气股份有限公司	众业达
龙星化工股份有限公司	龙星化工
浙江金洲管道科技股份有限公司	金洲管道
杭州巨星科技股份有限公司	巨星科技
江阴中南重工股份有限公司	中南重工
广东盛路通信科技股份有限公司	盛路通信
大连壹桥海参股份有限公司	壹桥海参
中原内配集团股份有限公司	中原内配
佛山市国星光电股份有限公司	国星光电
江苏康得新复合材料股份有限公司	康得新
上海摩恩电气股份有限公司	摩恩电气
湖南长高高压开关集团股份公司	长高集团
苏州天马精细化学品股份有限公司	天马精化
上海加冷松芝汽车空调股份有限公司	松芝股份
无锡百川化工股份有限公司	百川股份
深圳欧菲光科技股份有限公司	欧菲光
宁夏青龙管业股份有限公司	青龙管业
山东益生种畜禽股份有限公司	益生股份
秦皇岛天业通联重工股份有限公司	天业通联
江西赣锋锂业股份有限公司	赣锋锂业
广州珠江啤酒股份有限公司	珠江啤酒
嘉事堂药业股份有限公司	嘉事堂
沪士电子股份有限公司	沪电股份
昆山金利表面材料应用科技股份有限公司	金利科技
广州海格通信集团股份有限公司	海格通信
四川天齐锂业股份有限公司	天齐锂业
二六三网络通信股份有限公司	二六三
浙江艾迪西流体控制股份有限公司	艾迪西
山东三维石化工程股份有限公司	三维工程
金正大生态工程集团股份有限公司	金正大
江苏中超控股股份有限公司	中超控股
浙江双环传动机械股份有限公司	双环传动
宁波圣莱达电器股份有限公司	圣莱达
福建榕基软件股份有限公司	榕基软件
立讯精密工业股份有限公司	立讯精密
山东宝莫生物化工股份有限公司	宝莫股份
雏鹰农牧集团股份有限公司	雏鹰农牧
江苏常宝钢管股份有限公司	常宝股份
浙江富春江环保热电股份有限公司	富春环保
成都市新筑路桥机械股份有限公司	新筑股份
烟台双塔食品股份有限公司	双塔食品
深圳广田装饰集团股份有限公司	广田股份
江苏润邦重工股份有限公司	润邦股份
南通江海电容器股份有限公司	江海股份
希努尔男装股份有限公司	希努尔
上海嘉麟杰纺织品股份有限公司	嘉麟杰
辽宁大金重工股份有限公司	大金重工
浙江金固股份有限公司	金固股份
浙江永强集团股份有限公司	浙江永强
山东墨龙石油机械股份有限公司	山东墨龙
通鼎互联信息股份有限公司	通鼎互联
珠海恒基达鑫国际化工仓储股份有限公司	恒基达鑫
荣盛石化股份有限公司	荣盛石化
华斯控股股份有限公司	华斯股份
广东佳隆食品股份有限公司	佳隆股份
江苏辉丰农化股份有限公司	辉丰股份
四川雅化实业集团股份有限公司	雅化集团
青岛汉缆股份有限公司	汉缆股份
科林环保装备股份有限公司	科林环保
山西证券股份有限公司	山西证券
吉林利源精制股份有限公司	利源精制
骅威科技股份有限公司	骅威股份
搜于特集团股份有限公司	搜于特
北京弘高创意建筑设计股份有限公司	弘高创意
湖南大康牧业股份有限公司	大康牧业
协鑫集成科技股份有限公司	协鑫集成
重庆市涪陵榨菜集团股份有限公司	涪陵榨菜
杭州老板电器股份有限公司	老板电器
天广消防股份有限公司	天广消防
天津汽车模具股份有限公司	天汽模
中顺洁柔纸业股份有限公司	中顺洁柔
中山达华智能科技股份有限公司	达华智能
江苏蓝丰生物化工股份有限公司	蓝丰生化
苏州宝馨科技实业股份有限公司	宝馨科技
金字火腿股份有限公司	金字火腿
旷达科技集团股份有限公司	旷达科技
恺英网络股份有限公司	恺英网络
深圳科士达科技股份有限公司	科士达
江苏银河电子股份有限公司	银河电子
浙江日发精密机械股份有限公司	日发精机
齐峰新材料股份有限公司	齐峰新材
浙江众成包装材料股份有限公司	浙江众成
株洲天桥起重机股份有限公司	天桥起重
光正集团股份有限公司	光正集团
山东矿机集团股份有限公司	山东矿机
上海新时达电气股份有限公司	新时达
深圳英飞拓科技股份有限公司	英飞拓
福建海源自动化机械股份有限公司	海源机械
江苏丰东热技术股份有限公司	丰东股份
天顺风能(苏州)股份有限公司	天顺风能
新界泵业集团股份有限公司	新界泵业
金杯电工股份有限公司	金杯电工
杭州锅炉集团股份有限公司	杭锅股份
林州重机集团股份有限公司	林州重机
河南省西峡汽车水泵股份有限公司	西泵股份
青岛海立美达股份有限公司	海立美达
安徽省司尔特肥业股份有限公司	司尔特
成都市新都化工股份有限公司	新都化工
江苏亚太轻合金科技股份有限公司	亚太科技
安徽鸿路钢结构(集团)股份有限公司	鸿路钢构
中化岩土工程股份有限公司	中化岩土
广东万和新电气股份有限公司	万和电气
广州杰赛科技股份有限公司	杰赛科技
青岛东方铁塔股份有限公司	东方铁塔
南京新联电子股份有限公司	新联电子
苏州春兴精工股份有限公司	春兴精工
深圳市金新农饲料股份有限公司	金新农
湖南凯美特气体股份有限公司	凯美特气
常州千红生化制药股份有限公司	千红制药
深圳市尚荣医疗股份有限公司	尚荣医疗
宝鼎科技股份有限公司	宝鼎科技
江苏南方轴承股份有限公司	南方轴承
华油惠博普科技股份有限公司	惠博普
芜湖顺荣三七互娱网络科技股份有限公司	三七互娱
安徽辉隆农资集团股份有限公司	辉隆股份
洽洽食品股份有限公司	洽洽食品
重庆新世纪游轮股份有限公司	世纪游轮
江苏亚威机床股份有限公司	亚威股份
河南通达电缆股份有限公司	通达股份
上海徐家汇商城股份有限公司	徐家汇
兄弟科技股份有限公司	兄弟科技
浙江森马服饰股份有限公司	森马服饰
苏州天沃科技股份有限公司	天沃科技
上海绿新包装材料科技股份有限公司	上海绿新
吉林省集安益盛药业股份有限公司	益盛药业
唐人神集团股份有限公司	唐人神
上海百润投资控股集团股份有限公司	百润股份
浙江步森服饰股份有限公司	步森股份
贝因美婴童食品股份有限公司	贝因美
安徽德力日用玻璃股份有限公司	德力股份
索菲亚家居股份有限公司	索菲亚
北京清新环境技术股份有限公司	清新环境
浙江明牌珠宝股份有限公司	明牌珠宝
广东群兴玩具股份有限公司	群兴玩具
江苏通达动力科技股份有限公司	通达动力
深圳雷柏科技股份有限公司	雷柏科技
福建省闽发铝业股份有限公司	闽发铝业
惠州中京电子科技股份有限公司	中京电子
山东圣阳电源股份有限公司	圣阳股份
山东未名生物医药股份有限公司	未名医药
好想你枣业股份有限公司	好想你
海能达通信股份有限公司	海能达
西陇科学股份有限公司	西陇科学
江苏双星彩塑新材料股份有限公司	双星新材
浙江省围海建设集团股份有限公司	围海股份
深圳市奥拓电子股份有限公司	奥拓电子
史丹利化肥股份有限公司	史丹利
山东瑞康医药股份有限公司	瑞康医药
浙江万安科技股份有限公司	万安科技
江西恒大高新技术股份有限公司	恒大高新
南宁八菱科技股份有限公司	八菱科技
厦门日上集团股份有限公司	日上集团
比亚迪股份有限公司	比亚迪
山东豪迈机械科技股份有限公司	豪迈科技
海南瑞泽新型建材股份有限公司	海南瑞泽
安徽金禾实业股份有限公司	金禾实业
山东省章丘鼓风机股份有限公司	山东章鼓
北京盛通印刷股份有限公司	盛通股份
广东江粉磁材股份有限公司	江粉磁材
河南佰利联化学股份有限公司	佰利联
浙江世纪华通集团股份有限公司	世纪华通
石家庄以岭药业股份有限公司	以岭药业
山东龙力生物科技股份有限公司	龙力生物
上海姚记扑克股份有限公司	姚记扑克
大连电瓷集团股份有限公司	大连电瓷
芜湖亚夏汽车股份有限公司	亚夏汽车
江苏舜天船舶股份有限公司	舜天船舶
深圳市捷顺科技实业股份有限公司	捷顺科技
江苏爱康科技股份有限公司	爱康科技
广东东方精工科技股份有限公司	东方精工
朗姿股份有限公司	朗姿股份
洛阳北方玻璃技术股份有限公司	北玻股份
厦门蒙发利科技(集团)股份有限公司	蒙发利
浙江哈尔斯真空器皿股份有限公司	哈尔斯
广东长青(集团)股份有限公司	长青集团
露笑科技股份有限公司	露笑科技
深圳丹邦科技股份有限公司	丹邦科技
浙江巨龙管业股份有限公司	巨龙管业
深圳瑞和建筑装饰股份有限公司	瑞和股份
大连三垒机器股份有限公司	三垒股份
吉林永大集团股份有限公司	永大集团
常州亚玛顿股份有限公司	亚玛顿
完美环球娱乐股份有限公司	完美环球
浙江龙生汽车部件股份有限公司	龙生股份
厦门金达威集团股份有限公司	金达威
湖北宜昌交运集团股份有限公司	宜昌交运
成都市路桥工程股份有限公司	成都路桥
四川仁智油田技术服务股份有限公司	仁智油服
华西能源工业股份有限公司	华西能源
德尔未来科技控股集团股份有限公司	德尔未来
道明光学股份有限公司	道明光学
申科滑动轴承股份有限公司	申科股份
浙江棒杰数码针织品股份有限公司	棒杰股份
苏州安洁科技股份有限公司	安洁科技
金安国纪科技股份有限公司	金安国纪
浙江赞宇科技股份有限公司	赞宇科技
东莞勤上光电股份有限公司	勤上光电
福建雪人股份有限公司	雪人股份
跨境通宝电子商务股份有限公司	跨境通
永高股份有限公司	永高股份
北京荣之联科技股份有限公司	荣之联
中节能万润股份有限公司	万润股份
兰州佛慈制药股份有限公司	佛慈制药
江苏华宏科技股份有限公司	华宏科技
青海互助青稞酒股份有限公司	青青稞酒
浙江宏磊铜业股份有限公司	宏磊股份
浙江卫星石化股份有限公司	卫星石化
博彦科技股份有限公司	博彦科技
加加食品集团股份有限公司	加加食品
成都利君实业股份有限公司	利君股份
苏州扬子江新型材料股份有限公司	扬子新材
海思科医药集团股份有限公司	海思科
深圳万润科技股份有限公司	万润科技
山东共达电声股份有限公司	共达电声
广州卡奴迪路服饰股份有限公司	卡奴迪路
北京中科金财科技股份有限公司	中科金财
北京雪迪龙科技股份有限公司	雪迪龙
江苏中泰桥梁钢构股份有限公司	中泰桥梁
茂硕电源科技股份有限公司	茂硕电源
克明面业股份有限公司	克明面业
北京威卡威汽车零部件股份有限公司	京威股份
广州普邦园林股份有限公司	普邦园林
信质电机股份有限公司	信质电机
北京首航艾启威节能技术股份有限公司	首航节能
广东德联集团股份有限公司	德联集团
鞍山重型矿山机器股份有限公司	鞍重股份
广东奥马电器股份有限公司	奥马电器
上海康达化工新材料股份有限公司	康达新材
广东华声电器股份有限公司	华声股份
山东龙泉管道工程股份有限公司	龙泉股份
东江环保股份有限公司	东江环保
西部证券股份有限公司	西部证券
兴业皮革科技股份有限公司	兴业科技
烟台东诚药业集团股份有限公司	东诚药业
广东顺威精密塑料股份有限公司	顺威股份
浙江美大实业股份有限公司	浙江美大
广州珠江钢琴集团股份有限公司	珠江钢琴
福建金森林业股份有限公司	福建金森
长生生物科技股份有限公司	黄海机械
深圳市奋达科技股份有限公司	奋达科技
福建龙洲运输股份有限公司	龙洲股份
广东宏大爆破股份有限公司	宏大爆破
广东猛狮新能源科技股份有限公司	猛狮科技
无锡华东重型机械股份有限公司	华东重机
浙江亿利达风机股份有限公司	亿利达
浙江乔治白服饰股份有限公司	乔治白
金河生物科技股份有限公司	金河生物
沈阳远大智能工业集团股份有限公司	远大智能
合肥美亚光电技术股份有限公司	美亚光电
冀凯装备制造股份有限公司	冀凯股份
远程电缆股份有限公司	远程电缆
海南双成药业股份有限公司	双成药业
顾地科技股份有限公司	顾地科技
江西煌上煌集团食品股份有限公司	煌上煌
百洋产业投资集团股份有限公司	百洋股份
成都红旗连锁股份有限公司	红旗连锁
哈尔滨博实自动化股份有限公司	博实股份
美盛文化创意股份有限公司	美盛文化
新疆浩源天然气股份有限公司	新疆浩源
奥瑞金包装股份有限公司	奥瑞金
海欣食品股份有限公司	海欣食品
浙江世宝股份有限公司	浙江世宝
广东新宝电器股份有限公司	新宝股份
上海良信电器股份有限公司	良信电器
北京众信国际旅行社股份有限公司	众信旅游
常州光洋轴承股份有限公司	光洋股份
广州天赐高新材料股份有限公司	天赐材料
慈铭健康体检管理集团股份有限公司	慈铭体检
欧浦智网股份有限公司	欧浦智网
思美传媒股份有限公司	思美传媒
东易日盛家居装饰集团股份有限公司	东易日盛
牧原食品股份有限公司	牧原股份
怀集登云汽配股份有限公司	登云股份
郴州市金贵银业股份有限公司	金贵银业
岭南园林股份有限公司	岭南园林
浙江友邦集成吊顶股份有限公司	友邦吊顶
麦趣尔集团股份有限公司	麦趣尔
甘肃宏良皮业股份有限公司	宏良股份
北京金一文化发展股份有限公司	金一文化
金轮蓝海股份有限公司	金轮股份
广东金莱特电器股份有限公司	金莱特
海洋王照明科技股份有限公司	海洋王
浙江跃岭股份有限公司	跃岭股份
山东龙大肉食品股份有限公司	龙大肉食
云南鸿翔一心堂药业(集团)股份有限公司	一心堂
广东台城制药股份有限公司	台城制药
好利来(中国)电子科技股份有限公司	好利来
电光防爆科技股份有限公司	电光科技
沈阳萃华金银珠宝股份有限公司	萃华珠宝
广东燕塘乳业股份有限公司	燕塘乳业
深圳市雄韬电源科技股份有限公司	雄韬股份
利民化工股份有限公司	利民股份
深圳王子新材料股份有限公司	王子新材
国信证券股份有限公司	国信证券
葵花药业集团股份有限公司	葵花药业
中矿资源勘探股份有限公司	中矿资源
万达电影院线股份有限公司	万达院线
深圳市爱迪尔珠宝股份有限公司	爱迪尔
广东光华科技股份有限公司	光华科技
重庆三圣特种建材股份有限公司	三圣特材
安徽富煌钢构股份有限公司	富煌钢构
木林森股份有限公司	木林森
山东仙坛股份有限公司	仙坛股份
南京埃斯顿自动化股份有限公司	埃斯顿
江西世龙实业股份有限公司	世龙实业
四川国光农化股份有限公司	国光股份
昆明龙津药业股份有限公司	龙津药业
深圳市易尚展示股份有限公司	易尚展示
昇兴集团股份有限公司	昇兴股份
山西永东化工股份有限公司	永东股份
北京东方新星石化工程股份有限公司	东方新星
永兴特种不锈钢股份有限公司	永兴特钢
东莞市南兴家具装备制造股份有限公司	南兴装备
浙江华通医药股份有限公司	华通医药
广东天际电器股份有限公司	天际股份
安徽省凤形耐磨材料股份有限公司	凤形股份
多喜爱家纺股份有限公司	多喜爱
金发拉比妇婴童用品股份有限公司	金发拉比
深圳汇洁集团股份有限公司	汇洁股份
重庆蓝黛动力传动机械股份有限公司	蓝黛传动
深圳市索菱实业股份有限公司	索菱股份
杭州先锋电子技术股份有限公司	先锋电子
青岛国恩科技股份有限公司	国恩股份
深圳市普路通供应链管理股份有限公司	普路通
河南科迪乳业股份有限公司	科迪乳业
北京真视通科技股份有限公司	真视通
天水众兴菌业科技股份有限公司	众兴菌业
成都康弘药业集团股份有限公司	康弘药业
深圳文科园林股份有限公司	文科园林
广东柏堡龙股份有限公司	柏堡龙
四川久远银海软件股份有限公司	久远银海
江苏高科石化股份有限公司	高科石化
浙江中坚科技股份有限公司	中坚科技
北京三夫户外用品股份有限公司	三夫户外
深圳市奇信建设集团股份有限公司	奇信股份
深圳可立克科技股份有限公司	可立克
湖北凯龙化工集团股份有限公司	凯龙股份
厦门万里石股份有限公司	万里石
深圳市银宝山新科技股份有限公司	银宝山新
苏州华源包装股份有限公司	华源包装
鹭燕(福建)药业股份有限公司	鹭燕医药
深圳市建艺装饰集团股份有限公司	建艺集团
厦门瑞尔特卫浴科技股份有限公司	瑞尔特
广东坚朗五金制品股份有限公司	坚朗五金
广东通宇通讯股份有限公司	通宇通讯
万科企业股份有限公司	万科
金田实业(集团)股份有限公司	深金田
深圳市物业发展(集团)股份有限公司	深物业
中国南玻集团股份有限公司	南玻集团
深圳石化工业集团股份有限公司	深石化
深圳中浩(集团)股份有限公司	深中浩
康佳集团股份有限公司	深康佳
深圳中华自行车(集团)股份有限公司	深中华
神州长城股份有限公司	神州长城
深圳市深宝实业股份有限公司	深深宝
深圳中恒华发股份有限公司	深华发
深圳赤湾港航股份有限公司	深赤湾
招商局地产控股股份有限公司	招商地产
深圳市特力(集团)股份有限公司	深特力
飞亚达(集团)股份有限公司	飞亚达
国药集团一致药业股份有限公司	国药一致
深圳经济特区房地产(集团)股份有限公司	深房集团
富奥汽车零部件股份有限公司	富奥股份
深圳南山热电股份有限公司	深南电
中国国际海运集装箱(集团)股份有限公司	中集集团
深圳本鲁克斯实业股份有限公司	深本实
深圳市纺织(集团)股份有限公司	深纺织
深圳赤湾石油基地股份有限公司	深基地
重庆建设摩托车股份有限公司	建设摩托
方大集团股份有限公司	方大集团
深圳市皇庭国际企业股份有限公司	皇庭国际
深圳大洋海运股份有限公司	深大洋
深圳赛格股份有限公司	深赛格
山东航空股份有限公司	山东航空
承德南江股份有限公司	南江股份
广东雷伊(集团)股份有限公司	雷伊
东旭光电科技股份有限公司	东旭光电
无锡小天鹅股份有限公司	小天鹅
广东省高速公路发展股份有限公司	粤高速
南京普天通信股份有限公司	宁通信
山东晨鸣纸业集团股份有限公司	晨鸣纸业
海南珠江控股股份有限公司	珠江控股
厦门灿坤实业股份有限公司	闽灿坤
丽珠医药集团股份有限公司	丽珠集团
合肥美菱股份有限公司	美菱电器
大连冷冻机股份有限公司	大冷股份
广东电力发展股份有限公司	粤电力
佛山电器照明股份有限公司	佛山照明
江铃汽车股份有限公司	江铃汽车
湖北沙隆达股份有限公司	沙隆达
常柴股份有限公司	苏常柴
无锡威孚高科技集团股份有限公司	威孚高科
安徽古井贡酒股份有限公司	古井贡酒
海南大东海旅游中心股份有限公司	大东海
重庆长安汽车股份有限公司	长安汽车
瓦房店轴承股份有限公司	瓦轴
京东方科技集团股份有限公司	京东方
鲁泰纺织股份有限公司	鲁泰纺织
本钢板材股份有限公司	本钢板材
武汉锅炉股份有限公司	武锅
杭州汽轮机股份有限公司	杭汽轮
烟台张裕葡萄酿酒股份有限公司	张裕
佛山华新包装股份有限公司	粤华包
山东省中鲁远洋渔业股份有限公司	中鲁股份
青岛特锐德电气股份有限公司	特锐德
北京神州泰岳软件股份有限公司	神州泰岳
乐普(北京)医疗器械股份有限公司	乐普医疗
南方风机股份有限公司	南风股份
探路者控股集团股份有限公司	探路者
重庆莱美药业股份有限公司	莱美药业
河南汉威电子股份有限公司	汉威电子
上海佳豪船舶工程设计股份有限公司	上海佳豪
安徽安科生物工程(集团)股份有限公司	安科生物
北京立思辰科技股份有限公司	立思辰
北京鼎汉技术股份有限公司	鼎汉技术
华测检测认证集团股份有限公司	华测检测
江苏新宁现代物流股份有限公司	新宁物流
惠州亿纬锂能股份有限公司	亿纬锂能
爱尔眼科医院集团股份有限公司	爱尔眼科
北京北陆药业股份有限公司	北陆药业
网宿科技股份有限公司	网宿科技
武汉中元华电科技股份有限公司	中元华电
成都硅宝科技股份有限公司	硅宝科技
银江股份有限公司	银江股份
大禹节水集团股份有限公司	大禹节水
吉峰农机连锁股份有限公司	吉峰农机
西安宝德自动化股份有限公司	宝德股份
沈阳新松机器人自动化股份有限公司	机器人
杭州华星创业通信技术股份有限公司	华星创业
天津红日药业股份有限公司	红日药业
华谊兄弟传媒股份有限公司	华谊兄弟
金亚科技股份有限公司	金亚科技
江苏华盛天龙光电设备股份有限公司	天龙光电
广州阳普医疗科技股份有限公司	阳普医疗
无锡宝通科技股份有限公司	宝通科技
金龙机电股份有限公司	金龙机电
浙江核新同花顺网络信息股份有限公司	同花顺
北京钢研高纳科技股份有限公司	钢研高纳
湖南中科电气股份有限公司	中科电气
北京超图软件股份有限公司	超图软件
深圳新宙邦科技股份有限公司	新宙邦
北京梅泰诺通信技术股份有限公司	梅泰诺
上海凯宝药业股份有限公司	上海凯宝
哈尔滨九洲电气股份有限公司	九洲电气
湖北回天新材料股份有限公司	回天新材
深圳市朗科科技股份有限公司	朗科科技
星辉互动娱乐股份有限公司	互动娱乐
深圳市赛为智能股份有限公司	赛为智能
北京华力创通科技股份有限公司	华力创通
湖北台基半导体股份有限公司	台基股份
深圳天源迪科信息技术股份有限公司	天源迪科
北京合康亿盛变频科技股份有限公司	合康变频
内蒙古福瑞医疗科技股份有限公司	福瑞股份
珠海世纪鼎利科技股份有限公司	世纪鼎利
厦门三五互联科技股份有限公司	三五互联
深圳中青宝互动网络股份有限公司	中青宝
珠海欧比特控制工程股份有限公司	欧比特
湖北鼎龙化学股份有限公司	鼎龙股份
北京万邦达环保技术股份有限公司	万邦达
厦门三维丝环保股份有限公司	三维丝
汕头万顺包装材料股份有限公司	万顺股份
北京蓝色光标品牌管理顾问股份有限公司	蓝色光标
东方财富信息股份有限公司	东方财富
上海康耐特光学股份有限公司	康耐特
中能电气股份有限公司	中能电气
广东天龙油墨集团股份有限公司	天龙集团
郑州华晶金刚石股份有限公司	豫金刚石
北京海兰信数据科技股份有限公司	海兰信
三川智慧科技股份有限公司	三川智慧
上海安诺其集团股份有限公司	安诺其
浙江南都电源动力股份有限公司	南都电源
浙江金利华电气股份有限公司	金利华电
北京碧水源科技股份有限公司	碧水源
北京华谊嘉信整合营销顾问集团股份有限公司	华谊嘉信
北京三聚环保新材料股份有限公司	三聚环保
北京当升材料科技股份有限公司	当升科技
华平信息技术股份有限公司	华平股份
北京数字政通科技股份有限公司	数字政通
宁波GQY视讯股份有限公司	GQY视讯
国民技术股份有限公司	国民技术
思创医惠科技股份有限公司	思创医惠
北京数码视讯科技股份有限公司	数码视讯
河南易成新能源股份有限公司	易成新能
恒信移动商务股份有限公司	恒信移动
辽宁奥克化学股份有限公司	奥克股份
东莞劲胜精密组件股份有限公司	劲胜精密
兰州海默科技股份有限公司	海默科技
深圳市银之杰科技股份有限公司	银之杰
海南康芝药业股份有限公司	康芝药业
安徽荃银高科种业股份有限公司	荃银高科
芜湖长信科技股份有限公司	长信科技
广东文化长城集团股份有限公司	文化长城
安徽盛运环保(集团)股份有限公司	盛运环保
江苏金通灵流体机械科技股份有限公司	金通灵
四川科新机电股份有限公司	科新机电
广东金刚玻璃科技股份有限公司	金刚玻璃
湛江国联水产开发股份有限公司	国联水产
江西华伍制动器股份有限公司	华伍股份
易联众信息技术股份有限公司	易联众
大连智云自动化装备股份有限公司	智云股份
高新兴科技集团股份有限公司	高新兴
尤洛卡矿业安全工程股份有限公司	尤洛卡
宁波双林汽车部件股份有限公司	双林股份
成都振芯科技股份有限公司	振芯科技
厦门乾照光电股份有限公司	乾照光电
西安达刚路面机械股份有限公司	达刚路机
乐视网信息技术(北京)股份有限公司	乐视网
烟台龙源电力技术股份有限公司	龙源技术
新疆西部牧业股份有限公司	西部牧业
河北建新化工股份有限公司	建新股份
通化双龙化工股份有限公司	双龙股份
博爱新开源制药股份有限公司	新开源
华仁药业股份有限公司	华仁药业
浙江向日葵光能科技股份有限公司	向日葵
深圳万讯自控股份有限公司	万讯自控
杭州顺网科技股份有限公司	顺网科技
中航电测仪器股份有限公司	中航电测
深圳市长盈精密技术股份有限公司	长盈精密
陕西坚瑞消防股份有限公司	坚瑞消防
北京嘉寓门窗幕墙股份有限公司	嘉寓股份
东方日升新能源股份有限公司	东方日升
天津瑞普生物技术股份有限公司	瑞普生物
天津经纬电材股份有限公司	经纬电材
山东阳谷华泰化工股份有限公司	阳谷华泰
重庆智飞生物制品股份有限公司	智飞生物
太阳鸟游艇股份有限公司	太阳鸟
深圳市汇川技术股份有限公司	汇川技术
大连易世达新能源发展股份有限公司	易世达
锐奇控股股份有限公司	锐奇股份
成都银河磁体股份有限公司	银河磁体
苏州锦富新材料股份有限公司	锦富新材
上海泰胜风能装备股份有限公司	泰胜风能
深圳市新国都技术股份有限公司	新国都
深圳市英唐智能控制股份有限公司	英唐智控
福建青松股份有限公司	青松股份
浙江华策影视股份有限公司	华策影视
深圳市大富科技股份有限公司	大富科技
江苏宝利国际投资股份有限公司	宝利国际
深圳市信维通信股份有限公司	信维通信
河北先河环保科技股份有限公司	先河环保
晨光生物科技集团股份有限公司	晨光生物
北京晓程科技股份有限公司	晓程科技
西安启源机电装备股份有限公司	启源装备
苏州工业园区和顺电气股份有限公司	和顺电气
云南沃森生物技术股份有限公司	沃森生物
广东星河生物科技股份有限公司	星河生物
宋城演艺发展股份有限公司	宋城演艺
南方泵业股份有限公司	南方泵业
汤臣倍健股份有限公司	汤臣倍健
广州市香雪制药股份有限公司	香雪制药
天舟文化股份有限公司	天舟文化
量子高科(中国)生物股份有限公司	量子高科
北京世纪瑞尔技术股份有限公司	世纪瑞尔
深圳市昌红科技股份有限公司	昌红科技
徐州科融环境资源股份有限公司	科融环境
上海科泰电源股份有限公司	科泰电源
深圳市瑞凌实业股份有限公司	瑞凌股份
广东安居宝数码科技股份有限公司	安居宝
神雾环保技术股份有限公司	神雾环保
恒泰艾普石油天然气技术服务股份有限公司	恒泰艾普
山西振东制药股份有限公司	振东制药
新疆机械研究院股份有限公司	新研股份
江苏秀强玻璃工艺股份有限公司	秀强股份
武汉华中数控股份有限公司	华中数控
深圳雷曼光电科技股份有限公司	雷曼股份
宁波先锋新材料股份有限公司	先锋新材
西安通源石油科技股份有限公司	通源石油
江苏天瑞仪器股份有限公司	天瑞仪器
北京东方国信科技股份有限公司	东方国信
深圳市迪威视讯股份有限公司	迪威视讯
万达信息股份有限公司	万达信息
常州天晟新材料股份有限公司	天晟新材
上海汉得信息技术股份有限公司	汉得信息
上海东富龙科技股份有限公司	东富龙
中电环保股份有限公司	中电环保
松德智慧装备股份有限公司	智慧松德
福建元力活性炭股份有限公司	元力股份
朗源股份有限公司	朗源股份
广东鸿特精密技术股份有限公司	鸿特精密
广州中海达卫星导航技术股份有限公司	中海达
深圳市腾邦国际商业服务股份有限公司	腾邦国际
河南四方达超硬材料股份有限公司	四方达
上海华峰超纤材料股份有限公司	华峰超纤
浙江佐力药业股份有限公司	佐力药业
北京捷成世纪科技股份有限公司	捷成股份
青岛东软载波科技股份有限公司	东软载波
武汉力源信息技术股份有限公司	力源信息
通裕重工股份有限公司	通裕重工
广东大华农动物保健品股份有限公司	大华农
永清环保股份有限公司	永清环保
厦门市美亚柏科信息股份有限公司	美亚柏科
海南神农基因科技股份有限公司	神农基因
江苏维尔利环保科技股份有限公司	维尔利
潜能恒信能源技术股份有限公司	潜能恒信
苏州科斯伍德油墨股份有限公司	科斯伍德
深圳市佳士科技股份有限公司	佳士科技
福安药业(集团)股份有限公司	福安药业
天津长荣印刷设备股份有限公司	长荣股份
江苏长海复合材料股份有限公司	长海股份
深圳市铁汉生态环境股份有限公司	铁汉生态
福建纳川管材科技股份有限公司	纳川股份
深圳翰宇药业股份有限公司	翰宇药业
北京高盟新材料股份有限公司	高盟新材
徐州海伦哲专用车辆股份有限公司	海伦哲
聚龙股份有限公司	聚龙股份
聚光科技(杭州)股份有限公司	聚光科技
舒泰神(北京)生物制药股份有限公司	舒泰神
武汉天喻信息产业股份有限公司	天喻信息
深圳市理邦精密仪器股份有限公司	理邦仪器
欣旺达电子股份有限公司	欣旺达
青岛市恒顺众昇集团股份有限公司	恒顺众昇
天泽信息产业股份有限公司	天泽信息
鞍山森远路桥股份有限公司	森远股份
江苏亿通高科技股份有限公司	亿通科技
北京易华录信息技术股份有限公司	易华录
北京佳讯飞鸿电气股份有限公司	佳讯飞鸿
山东日科化学股份有限公司	日科化学
苏州电器科学研究院股份有限公司	电科院
湖南千山制药机械股份有限公司	千山药机
镇江东方电热科技股份有限公司	东方电热
安徽安利材料科技股份有限公司	安利股份
广州市鸿利光电股份有限公司	鸿利光电
武汉金运激光股份有限公司	金运激光
广东银禧科技股份有限公司	银禧科技
科大智能科技股份有限公司	科大智能
北京君正集成电路股份有限公司	北京君正
烟台正海磁性材料股份有限公司	正海磁材
上海金力泰化工股份有限公司	金力泰
上海钢联电子商务股份有限公司	上海钢联
深圳光韵达光电科技股份有限公司	光韵达
张家港富瑞特种装备股份有限公司	富瑞特装
北京拓尔思信息技术股份有限公司	拓尔思
上海永利带业股份有限公司	永利股份
北京银信长远科技股份有限公司	银信科技
深圳市洲明科技股份有限公司	洲明科技
山东金城医药化工股份有限公司	金城医药
浙江开尔新材料股份有限公司	开尔新材
深圳市方直科技股份有限公司	方直科技
上海新阳半导体材料股份有限公司	上海新阳
山东美晨科技股份有限公司	美晨科技
冠昊生物科技股份有限公司	冠昊生物
包头东宝生物技术股份有限公司	东宝生物
江苏飞力达国际物流股份有限公司	飞力达
深圳市瑞丰光电子股份有限公司	瑞丰光电
广东明家科技股份有限公司	明家科技
山东瑞丰高分子材料股份有限公司	瑞丰高材
浙江迪安诊断技术股份有限公司	迪安诊断
上海天玑科技股份有限公司	天玑科技
广东宝莱特医用科技股份有限公司	宝莱特
安徽乐金健康科技股份有限公司	乐金健康
新开普电子股份有限公司	新开普
四川依米康环境科技股份有限公司	依米康
杭州初灵信息技术股份有限公司	初灵信息
北京光线传媒股份有限公司	光线传媒
深圳金信诺高新技术股份有限公司	金信诺
卫宁健康科技集团股份有限公司	卫宁健康
山西仟源医药集团股份有限公司	仟源医药
河北常山生化药业股份有限公司	常山药业
浙江星星科技股份有限公司	星星科技
浙江开山压缩机股份有限公司	开山股份
江苏太平洋精锻科技股份有限公司	精锻科技
新天科技股份有限公司	新天科技
昆山新莱洁净应用材料股份有限公司	新莱应材
雅本化学股份有限公司	雅本化学
上海巴安水务股份有限公司	巴安水务
洛阳隆华传热节能股份有限公司	隆华节能
深圳市佳创视讯技术股份有限公司	佳创视讯
江苏通光电子线缆股份有限公司	通光线缆
兴源环境科技股份有限公司	兴源环境
湖南尔康制药股份有限公司	尔康制药
万福生科(湖南)农业开发股份有限公司	万福生科
深圳市联建光电股份有限公司	联建光电
杭州中威电子股份有限公司	中威电子
北京华宇软件股份有限公司	华宇软件
上海开能环保设备股份有限公司	开能环保
珠海和佳医疗设备股份有限公司	和佳股份
阳光电源股份有限公司	阳光电源
重庆梅安森科技股份有限公司	梅安森
湖北三丰智能输送装备股份有限公司	三丰智能
深圳海联讯科技股份有限公司	海联讯
湖北华昌达智能装备股份有限公司	华昌达
无锡和晶科技股份有限公司	和晶科技
南通锻压设备股份有限公司	南通锻压
广东金明精机股份有限公司	金明精机
北京汇冠新技术股份有限公司	汇冠股份
温州宏丰电工合金股份有限公司	温州宏丰
苏交科集团股份有限公司	苏交科
山东国瓷功能材料股份有限公司	国瓷材料
安科瑞电气股份有限公司	安科瑞
北京飞利信科技股份有限公司	飞利信
贵阳朗玛信息技术股份有限公司	朗玛信息
北京利德曼生化股份有限公司	利德曼
荣科科技股份有限公司	荣科科技
北京华录百纳影视股份有限公司	华录百纳
吴通控股集团股份有限公司	吴通控股
沈阳蓝英工业自动化装备股份有限公司	蓝英装备
江西博雅生物制药股份有限公司	博雅生物
江苏三六五网络股份有限公司	三六五网
利亚德光电股份有限公司	利亚德
蓝盾信息安全技术股份有限公司	蓝盾股份
三诺生物传感股份有限公司	三诺生物
富春通信股份有限公司	富春通信
汉鼎信息科技股份有限公司	汉鼎股份
深圳市长方集团股份有限公司	长方集团
北京同有飞骥科技股份有限公司	同有科技
深圳市聚飞光电股份有限公司	聚飞光电
江苏云意电气股份有限公司	云意电气
江苏裕兴薄膜科技股份有限公司	裕兴股份
杭州远方光电信息股份有限公司	远方光电
宁波慈星股份有限公司	慈星股份
山东中际电工装备股份有限公司	中际装备
吉艾科技(北京)股份公司	吉艾科技
广东宜通世纪科技股份有限公司	宜通世纪
任子行网络技术股份有限公司	任子行
邦讯技术股份有限公司	邦讯技术
新疆天山畜牧生物工程股份有限公司	天山生物
宁波戴维医疗器械股份有限公司	戴维医疗
北京掌趣科技股份有限公司	掌趣科技
浙江晶盛机电股份有限公司	晶盛机电
深圳珈伟光伏照明股份有限公司	珈伟股份
北京博晖创新光电技术股份有限公司	博晖创新
深圳市麦捷微电子科技股份有限公司	麦捷科技
江阴海达橡塑股份有限公司	海达股份
山东同大海岛新材料股份有限公司	同大股份
惠州硕贝德无线科技股份有限公司	硕贝德
华灿光电股份有限公司	华灿光电
北京旋极信息技术股份有限公司	旋极信息
江苏德威新材料股份有限公司	德威新材
上海凯利泰医疗科技股份有限公司	凯利泰
中颖电子股份有限公司	中颖电子
东莞宜安科技股份有限公司	宜安科技
海伦钢琴股份有限公司	海伦钢琴
上海华虹计通智能系统股份有限公司	华虹计通
苏州苏大维格光电科技股份有限公司	苏大维格
天壕环境股份有限公司	天壕环境
深圳兆日科技股份有限公司	兆日科技
天津膜天膜科技股份有限公司	津膜科技
广州迪森热能技术股份有限公司	迪森股份
上海新文化传媒集团股份有限公司	新文化
银邦金属复合材料股份有限公司	银邦股份
长沙开元仪器股份有限公司	开元仪器
江苏润和软件股份有限公司	润和软件
江门市科恒实业股份有限公司	科恒股份
麦克奥迪(厦门)电气股份有限公司	麦迪电气
常熟市天银机电股份有限公司	天银机电
山东联创节能新材料股份有限公司	联创股份
北京太空板业股份有限公司	太空板业
湖南红宇耐磨新材料股份有限公司	红宇新材
江苏南大光电材料股份有限公司	南大光电
杭州泰格医药科技股份有限公司	泰格医药
深圳市长亮科技股份有限公司	长亮科技
金卡高科技股份有限公司	金卡股份
深圳市华鹏飞现代物流股份有限公司	华鹏飞
浙江永贵电器股份有限公司	永贵电器
北京北信源软件股份有限公司	北信源
北京东土科技股份有限公司	东土科技
江苏东华测试技术股份有限公司	东华测试
内蒙古和信园蒙草抗旱绿化股份有限公司	蒙草抗旱
光一科技股份有限公司	光一科技
浙江我武生物科技股份有限公司	我武生物
楚天科技股份有限公司	楚天科技
广东全通教育股份有限公司	全通教育
杭州炬华科技股份有限公司	炬华科技
江苏奥赛康药业股份有限公司	奥赛康
成都天翔环境股份有限公司	天翔环境
重庆博腾制药科技股份有限公司	博腾股份
中文在线数字出版集团股份有限公司	中文在线
北京恒华伟业科技股份有限公司	恒华科技
四川创意信息技术股份有限公司	创意信息
东方网力科技股份有限公司	东方网力
河北汇金机电股份有限公司	汇金股份
北京神州绿盟信息安全科技股份有限公司	绿盟科技
北京安控科技股份有限公司	安控科技
汇中仪表股份有限公司	汇中股份
丹东欣泰电气股份有限公司	欣泰电气
扬州扬杰电子科技股份有限公司	扬杰科技
北京恒通创新赛木科技股份有限公司	恒通科技
天津鹏翎胶管股份有限公司	鹏翎股份
易事特集团股份有限公司	易事特
深圳市赢时胜信息技术股份有限公司	赢时胜
鼎捷软件股份有限公司	鼎捷软件
北京东方通科技股份有限公司	东方通
上海安硕信息技术股份有限公司	安硕信息
广东溢多利生物科技股份有限公司	溢多利
苏州斯莱克精密设备股份有限公司	斯莱克
北京光环新网科技股份有限公司	光环新网
北京三联虹普新合纤技术服务股份有限公司	三联虹普
无锡雪浪环境科技股份有限公司	雪浪环境
飞天诚信科技股份有限公司	飞天诚信
湖北富邦科技股份有限公司	富邦股份
安徽国祯环保节能科技股份有限公司	国祯环保
深圳市艾比森光电股份有限公司	艾比森
苏州天华超净科技股份有限公司	天华超净
康跃科技股份有限公司	康跃科技
北京腾信创新网络营销技术股份有限公司	腾信股份
苏州中来光伏新材股份有限公司	中来股份
苏州天孚光通信股份有限公司	天孚通信
湖北菲利华石英玻璃股份有限公司	菲利华
长春迪瑞医疗科技股份有限公司	迪瑞医疗
西安天和防务技术股份有限公司	天和防务
上海飞凯光电材料股份有限公司	飞凯材料
北京无线天利移动信息技术股份有限公司	京天利
深圳市劲拓自动化设备股份有限公司	劲拓股份
浙江花园生物高科股份有限公司	花园生物
南京宝色股份公司	宝色股份
江门市地尔汉宇电器股份有限公司	地尔汉宇
广州博济医药生物技术股份有限公司	博济医药
辽宁科隆精细化工股份有限公司	科隆精化
北京九强生物技术股份有限公司	九强生物
天津凯发电气股份有限公司	凯发电气
潮州三环(集团)股份有限公司	三环集团
广东道氏技术股份有限公司	道氏技术
广东正业科技股份有限公司	正业科技
浙江金盾风机股份有限公司	金盾股份
浙江迦南科技股份有限公司	迦南科技
快乐购物股份有限公司	快乐购
四川中光防雷科技股份有限公司	中光防雷
广东伊之密精密机械股份有限公司	伊之密
苏州苏试试验仪器股份有限公司	苏试试验
佛山市南华仪器股份有限公司	南华仪器
北京昆仑万维科技股份有限公司	昆仑万维
北京浩丰创源科技股份有限公司	浩丰科技
徐州五洋科技股份有限公司	五洋科技
江苏力星通用钢球股份有限公司	力星股份
广西博世科环保科技股份有限公司	博世科
山东鲁亿通智能电气股份有限公司	鲁亿通
广州航新航空科技股份有限公司	航新科技
四川环能德美科技股份有限公司	环能科技
浙江唐德影视股份有限公司	唐德影视
厦门红相电力设备股份有限公司	红相电力
河北四通新型金属材料股份有限公司	四通新材
常州强力电子新材料股份有限公司	强力新材
北京诚益通控制工程科技股份有限公司	诚益通
北京暴风科技股份有限公司	暴风科技
绵阳富临精工机械股份有限公司	富临精工
蓝思科技股份有限公司	蓝思科技
四川金石东方新材料设备股份有限公司	金石东方
杭州中泰深冷技术股份有限公司	中泰股份
福建广生堂药业股份有限公司	广生堂
河南清水源科技股份有限公司	清水源
广州鹏辉能源科技股份有限公司	鹏辉能源
宁波美康生物科技股份有限公司	美康生物
成都运达科技股份有限公司	运达科技
宁波鲍斯能源装备股份有限公司	鲍斯股份
上海普丽盛包装股份有限公司	普丽盛
山东莱芜金雷风电科技股份有限公司	金雷风电
北京双杰电气股份有限公司	双杰电气
北京康斯特仪表科技股份有限公司	康斯特
保定乐凯新材料股份有限公司	乐凯新材
南京全信传输科技股份有限公司	全信股份
广州市浩云安防科技股份有限公司	浩云科技
北京汉邦高科数字技术股份有限公司	汉邦高科
无锡先导智能装备股份有限公司	先导智能
创业软件股份有限公司	创业软件
安徽山河药用辅料股份有限公司	山河药辅
江西三鑫医疗科技股份有限公司	三鑫医疗
北京康拓红外技术股份有限公司	康拓红外
北京耐威科技股份有限公司	耐威科技
深圳市赢合科技股份有限公司	赢合科技
珠海全志科技股份有限公司	全志科技
浙江金科过氧化物股份有限公司	浙江金科
广东惠伦晶体科技股份有限公司	惠伦晶体
浙江田中精机股份有限公司	田中精机
上海华铭智能终端设备股份有限公司	华铭智能
四川迈克生物科技股份有限公司	迈克生物
广东星徽精密制造股份有限公司	星徽精密
高伟达软件股份有限公司	高伟达
赛摩电气股份有限公司	赛摩电气
四川迅游网络科技股份有限公司	迅游科技
深圳四方精创资讯股份有限公司	四方精创
上海中信信息发展股份有限公司	信息发展
四川日机密封件股份有限公司	日机密封
成都华气厚普机电设备股份有限公司	厚普股份
北京万向新元科技股份有限公司	新元科技
阜新德尔汽车部件股份有限公司	德尔股份
长沙景嘉微电子股份有限公司	景嘉微
安徽聚隆传动科技股份有限公司	聚隆科技
胜宏科技(惠州)股份有限公司	胜宏科技
北京合纵科技股份有限公司	合纵科技
杭州高新橡塑材料股份有限公司	杭州高新
神思电子技术股份有限公司	神思电子
郑州光力科技股份有限公司	光力科技
濮阳惠成电子材料股份有限公司	濮阳惠成
广州万孚生物技术股份有限公司	万孚生物
上海沃施园艺股份有限公司	沃施股份
深圳市蓝海华腾技术股份有限公司	蓝海华腾
北京赛升药业股份有限公司	赛升药业
山西东杰智能物流装备股份有限公司	东杰智能
西安蓝晓科技新材料股份有限公司	蓝晓科技
恒锋工具股份有限公司	恒锋工具
哈尔滨中飞新技术股份有限公司	中飞股份
华自科技股份有限公司	华自科技
石家庄通合电子科技股份有限公司	通合科技
四川山鼎建筑工程设计股份有限公司	山鼎设计
上海润欣科技股份有限公司	润欣科技
湖北盛天网络技术股份有限公司	盛天网络
江苏美尚生态景观股份有限公司	美尚生态
中科创达软件股份有限公司	中科创达
江西富祥药业股份有限公司	富祥股份
广东温氏食品集团股份有限公司	温氏股份
广州高澜节能技术股份有限公司	高澜股份
苏州设计研究院股份有限公司	苏州设计
上海海顺新型药用包装材料股份有限公司	海顺新材
成都新易盛通信技术股份有限公司	新易盛
广州市昊志机电股份有限公司	昊志机电
昆明川金诺化工股份有限公司	川金诺
深圳市名家汇科技股份有限公司	名家汇
上海浦东发展银行股份有限公司	浦发银行
邯郸钢铁股份有限公司	邯郸钢铁
中国石化齐鲁股份有限公司	齐鲁石化
东北高速公路股份有限公司	东北高速
广州白云国际机场股份有限公司	白云机场
武汉钢铁股份有限公司	武钢股份
东风汽车股份有限公司	东风汽车
中国国际贸易中心股份有限公司	中国国贸
北京首创股份有限公司	首创股份
上海国际机场股份有限公司	上海机场
内蒙古包钢钢联股份有限公司	包钢股份
华能国际电力股份有限公司	华能国际
安徽皖通高速公路股份有限公司	皖通高速
华夏银行股份有限公司	华夏银行
中国民生银行股份有限公司	民生银行
日照港股份有限公司	日照港
上海国际港务(集团)股份有限公司	上港集团
上海港集装箱股份有限公司	上港集箱
宝山钢铁股份有限公司	宝钢股份
河南中原高速公路股份有限公司	中原高速
上海电力股份有限公司	上海电力
山东钢铁股份有限公司	山东钢铁
浙江浙能电力股份有限公司	浙能电力
中海发展股份有限公司	中海发展
华电国际电力股份有限公司	华电国际
中国石油化工股份有限公司	中国石化
中国南方航空股份有限公司	南方航空
中信证券股份有限公司	中信证券
三一重工股份有限公司	三一重工
福建发展高速公路股份有限公司	福建高速
湖北楚天高速公路股份有限公司	楚天高速
招商银行股份有限公司	招商银行
北京歌华有线电视网络股份有限公司	歌华有线
中航直升机股份有限公司	中直股份
四川路桥建设集团股份有限公司	四川路桥
保利房地产(集团)股份有限公司	保利地产
中国联合网络通信股份有限公司	中国联通
宁波联合集团股份有限公司	宁波联合
浙江广厦股份有限公司	浙江广厦
昆吾九鼎投资控股股份有限公司	九鼎投资
黄山旅游发展股份有限公司	黄山旅游
华润万东医疗装备股份有限公司	华润万东
中国医药健康产业股份有限公司	中国医药
厦门象屿股份有限公司	象屿股份
五矿发展股份有限公司	五矿发展
浙江古越龙山绍兴酒股份有限公司	古越龙山
青岛海信电器股份有限公司	海信电器
国投安信股份有限公司	国投安信
华润双鹤药业股份有限公司	华润双鹤
安徽皖维高新材料股份有限公司	皖维高新
南京高科股份有限公司	南京高科
大庆联谊石化股份有限公司	大庆联谊
郑州宇通客车股份有限公司	宇通客车
冠城大通股份有限公司	冠城大通
中国葛洲坝集团股份有限公司	葛洲坝
河南银鸽实业投资股份有限公司	银鸽投资
浙江富润股份有限公司	浙江富润
凤凰光学股份有限公司	凤凰光学
中船钢构工程股份有限公司	钢构工程
上海梅林正广和股份有限公司	上海梅林
江苏保千里视像科技集团股份有限公司	保千里
新疆天业股份有限公司	新疆天业
康欣新材料股份有限公司	康欣新材
宋都基业投资股份有限公司	宋都股份
江苏澄星磷化工股份有限公司	澄星股份
人福医药集团股份公司	人福医药
金花企业(集团)股份有限公司	金花股份
东风电子科技股份有限公司	东风科技
天津海泰科技发展股份有限公司	海泰发展
广东博信投资控股股份有限公司	博信股份
中信国安葡萄酒业股份有限公司	中葡股份
北京同仁堂股份有限公司	同仁堂
东方金钰股份有限公司	东方金钰
中国长江航运集团南京油运股份有限公司	长航油运
中视传媒股份有限公司	中视传媒
特变电工股份有限公司	特变电工
新疆啤酒花股份有限公司	啤酒花
包头明天科技股份有限公司	明天科技
陕西精密合金股份有限公司	精密股份
四川禾嘉股份有限公司	禾嘉股份
上海大名城企业股份有限公司	大名城
哈尔滨高科技(集团)股份有限公司	哈高科
云南云天化股份有限公司	云天化
上海开创国际海洋资源股份有限公司	开创国际
广州发展集团股份有限公司	广州发展
林海股份有限公司	林海股份
同方股份有限公司	同方股份
四川明星电力股份有限公司	明星电力
莱芜钢铁股份有限公司	莱钢股份
福建省青山纸业股份有限公司	青山纸业
上海汽车集团股份有限公司	上汽集团
江苏永鼎股份有限公司	永鼎股份
重庆路桥股份有限公司	重庆路桥
湖北美尔雅股份有限公司	美尔雅
甘肃亚盛实业(集团)股份有限公司	亚盛集团
国金证券股份有限公司	国金证券
诺德投资股份有限公司	诺德股份
中国北方稀土(集团)高科技股份有限公司	北方稀土
贵州长征天成控股股份有限公司	天成控股
浙江东日股份有限公司	浙江东日
东睦新材料集团股份有限公司	东睦股份
中国东方航空股份有限公司	东方航空
重庆三峡水利电力(集团)股份有限公司	三峡水利
西宁特殊钢股份有限公司	西宁特钢
中国东方红卫星股份有限公司	中国卫星
长发集团长江投资实业股份有限公司	长江投资
浙江东方集团股份有限公司	浙江东方
郑州煤电股份有限公司	郑州煤电
江苏宏图高科技股份有限公司	宏图高科
山西兰花科技创业股份有限公司	兰花科创
中铁铁龙集装箱物流股份有限公司	铁龙物流
杭州钢铁股份有限公司	杭钢股份
金健米业股份有限公司	金健米业
江苏弘业股份有限公司	弘业股份
重庆太极实业(集团)股份有限公司	太极集团
宁波波导股份有限公司	波导股份
四川岷江水利电力股份有限公司	岷江水电
重庆啤酒股份有限公司	重庆啤酒
武汉东湖高新集团股份有限公司	东湖高新
乐凯胶片股份有限公司	乐凯胶片
武汉道博股份有限公司	道博股份
四川浪莎控股股份有限公司	浪莎股份
中青旅控股股份有限公司	中青旅
四川西部资源控股股份有限公司	西部资源
湖北兴发化工集团股份有限公司	兴发集团
金发科技股份有限公司	金发科技
新疆亿路万源实业投资控股股份有限公司	新亿股份
商赢环球股份有限公司	商赢环球
长春一东离合器股份有限公司	长春一东
廊坊发展股份有限公司	廊坊发展
中国船舶工业股份有限公司	中国船舶
上海航天汽车机电股份有限公司	航天机电
宁波维科精华集团股份有限公司	维科精华
厦门建发股份有限公司	建发股份
河北宝硕股份有限公司	宝硕股份
湖南华升股份有限公司	华升股份
永泰能源股份有限公司	永泰能源
中体产业集团股份有限公司	中体产业
北京市大龙伟业房地产开发股份有限公司	大龙地产
浙江巨化股份有限公司	巨化股份
北京天坛生物制品股份有限公司	天坛生物
深圳香江控股股份有限公司	香江控股
中闽能源股份有限公司	中闽能源
宁夏新日恒力钢丝绳股份有限公司	新日恒力
北汽福田汽车股份有限公司	福田汽车
联美控股股份有限公司	联美控股
武汉三镇实业控股股份有限公司	武汉控股
太原重工股份有限公司	太原重工
上海建工集团股份有限公司	上海建工
上海贝岭股份有限公司	上海贝岭
河南黄河旋风股份有限公司	黄河旋风
卧龙地产集团股份有限公司	卧龙地产
美都能源股份有限公司	美都能源
中国巨石股份有限公司	中国巨石
雅戈尔集团股份有限公司	雅戈尔
哈尔滨东安汽车动力股份有限公司	东安动力
黑龙江黑化股份有限公司	黑化股份
瑞茂通供应链管理股份有限公司	瑞茂通
云大科技股份有限公司	云大科技
佳通轮胎股份有限公司	佳通轮胎
广东生益科技股份有限公司	生益科技
北方光电股份有限公司	光电股份
格力地产股份有限公司	格力地产
河南莲花健康产业股份有限公司	莲花健康
黑龙江国中水务股份有限公司	国中水务
兖州煤业股份有限公司	兖州煤业
吉林森林工业股份有限公司	吉林森工
锦州港股份有限公司	锦州港
包头华资实业股份有限公司	华资实业
兰州长城电工股份有限公司	长城电工
上海创兴资源开发股份有限公司	创兴资源
中牧实业股份有限公司	中牧股份
上海复星医药(集团)股份有限公司	复星医药
新疆伊力特实业股份有限公司	伊力特
大唐电信科技股份有限公司	大唐电信
安徽金种子酒业股份有限公司	金种子酒
江苏吴中实业股份有限公司	江苏吴中
金宇生物技术股份有限公司	生物股份
哈尔滨空调股份有限公司	哈空调
福建福日电子股份有限公司	福日电子
山东铝业股份有限公司	山东铝业
有研新材料股份有限公司	有研新材
河南安彩高科股份有限公司	安彩高科
新湖中宝股份有限公司	新湖中宝
罗顿发展股份有限公司	罗顿发展
上海紫江企业集团股份有限公司	紫江企业
西藏诺迪康药业股份有限公司	西藏药业
山东江泉实业股份有限公司	江泉实业
扬州亚星客车股份有限公司	亚星客车
长春经开(集团)股份有限公司	长春经开
浙江医药股份有限公司	浙江医药
陕西秦岭水泥(集团)股份有限公司	秦岭水泥
安徽全柴动力股份有限公司	全柴动力
山东南山铝业股份有限公司	南山铝业
江苏阳光股份有限公司	江苏阳光
海南航空股份有限公司	海南航空
河南太龙药业股份有限公司	太龙药业
鲁商置业股份有限公司	鲁商置业
天津松江股份有限公司	天津松江
浙江升华拜克生物股份有限公司	升华拜克
贵州赤天化股份有限公司	赤天化
江西昌九生物化工股份有限公司	昌九生化
青岛城市传媒股份有限公司	城市传媒
沧州大化股份有限公司	沧州大化
凌源钢铁股份有限公司	凌钢股份
浙江金鹰股份有限公司	金鹰股份
大连大杨创世股份有限公司	大杨创世
山西广和山水文化传播股份有限公司	山水文化
民丰特种纸股份有限公司	民丰特纸
广西桂冠电力股份有限公司	桂冠电力
安徽铜峰电子股份有限公司	铜峰电子
海南椰岛(集团)股份有限公司	海南椰岛
云南城投置业股份有限公司	云南城投
北京华业资本控股股份有限公司	华业资本
辽宁时代万恒股份有限公司	时代万恒
中昌海运股份有限公司	中昌海运
青海华鼎实业股份有限公司	青海华鼎
北京万通地产股份有限公司	万通地产
吉林成城集团股份有限公司	成城股份
陕西延长石油化建股份有限公司	延长化建
柳州两面针股份有限公司	两面针
南京纺织品进出口股份有限公司	南纺股份
新疆冠农果茸集团股份有限公司	冠农股份
广西梧州中恒集团股份有限公司	中恒集团
河南天方药业股份有限公司	天方药业
安徽鑫科新材料股份有限公司	鑫科材料
广汇能源股份有限公司	广汇能源
大湖水殖股份有限公司	大湖股份
北京首旅酒店(集团)股份有限公司	首旅酒店
广晟有色金属股份有限公司	广晟有色
湖北凯乐科技股份有限公司	凯乐科技
浙江阳光照明电器集团股份有限公司	阳光照明
内蒙古北方重型汽车股份有限公司	北方股份
路桥集团国际建设股份有限公司	路桥建设
云南景谷林业股份有限公司	景谷林业
北京城建投资发展股份有限公司	北京城建
浙江海正药业股份有限公司	海正药业
国电南京自动化股份有限公司	国电南自
江西赣粤高速公路股份有限公司	赣粤高速
中外运空运发展股份有限公司	外运发展
航天信息股份有限公司	航天信息
上海开开实业股份有限公司	开开实业
浙江嘉化能源化工股份有限公司	嘉化能源
湖北武昌鱼股份有限公司	武昌鱼
江苏恒瑞医药股份有限公司	恒瑞医药
亿利洁能股份有限公司	亿利洁能
东方国际创业股份有限公司	东方创业
重庆港九股份有限公司	重庆港九
南京中央商场(集团)股份有限公司	中央商场
太原化工股份有限公司	太化股份
南京钢铁股份有限公司	南钢股份
钱江水利开发股份有限公司	钱江水利
上海浦东路桥建设股份有限公司	浦东建设
河南羚锐制药股份有限公司	羚锐制药
湖南国光瓷业集团股份有限公司	国光瓷业
江苏舜天股份有限公司	江苏舜天
大恒新纪元科技股份有限公司	大恒科技
亿阳信通股份有限公司	亿阳信通
华仪电气股份有限公司	华仪电气
内蒙古西水创业股份有限公司	西水股份
中电投远达环保(集团)股份有限公司	中电远达
湖北三峡新型建材股份有限公司	三峡新材
内蒙古鄂尔多斯资源股份有限公司	鄂尔多斯
兰州铝业股份有限公司	兰州铝业
广汇汽车服务股份公司	广汇汽车
安琪酵母股份有限公司	安琪酵母
蓝星安迪苏股份有限公司	安迪苏
维维食品饮料股份有限公司	维维股份
南宁化工股份有限公司	南化股份
西安标准工业股份有限公司	标准股份
辽宁曙光汽车集团股份有限公司	曙光股份
江苏恒顺醋业股份有限公司	恒顺醋业
沈阳商业城股份有限公司	商业城
甘肃酒钢集团宏兴钢铁股份有限公司	酒钢宏兴
山东华泰纸业股份有限公司	华泰股份
万华化学集团股份有限公司	万华化学
广西桂东电力股份有限公司	桂东电力
甘肃荣华实业(集团)股份有限公司	荣华实业
河南平高电气股份有限公司	平高电气
中农发种业集团股份有限公司	农发种业
上海家化联合股份有限公司	上海家化
江西洪都航空工业股份有限公司	洪都航空
营口港务股份有限公司	营口港
安徽巢东水泥股份有限公司	巢东股份
潍坊亚星化学股份有限公司	亚星化学
上海振华重工(集团)股份有限公司	振华重工
四川国栋建设股份有限公司	国栋建设
天津市房地产发展(集团)股份有限公司	天房发展
瀚蓝环境股份有限公司	瀚蓝环境
珠海华发实业股份有限公司	华发股份
西藏天路股份有限公司	西藏天路
无锡商业大厦大东方股份有限公司	大东方
内蒙古兰太实业股份有限公司	兰太实业
天津中新药业集团股份有限公司	中新药业
天通控股股份有限公司	天通股份
四川宏达股份有限公司	宏达股份
广州白云山医药集团股份有限公司	白云山
长春燃气股份有限公司	长春燃气
国机汽车股份有限公司	国机汽车
澳柯玛股份有限公司	澳柯玛
美克国际家居用品股份有限公司	美克家居
西藏珠峰工业股份有限公司	西藏珠峰
新疆独山子天利高新技术股份有限公司	天利高新
华夏幸福基业股份有限公司	华夏幸福
陕西航天动力高科技股份有限公司	航天动力
武汉长江通信产业集团股份有限公司	长江通信
大连橡胶塑料机械股份有限公司	大橡塑
阳泉煤业(集团)股份有限公司	阳泉煤业
山东高速股份有限公司	山东高速
亚宝药业集团股份有限公司	亚宝药业
浙江龙盛集团股份有限公司	浙江龙盛
成都旭光电子股份有限公司	旭光股份
甘肃省敦煌种业股份有限公司	敦煌种业
精伦电子股份有限公司	精伦电子
牡丹江恒丰纸业股份有限公司	恒丰纸业
承德新新钒钛股份有限公司	承德钒钛
国旅联合股份有限公司	国旅联合
新疆塔里木农业综合开发股份有限公司	新农开发
吉林华微电子股份有限公司	华微电子
北京华联综合超市股份有限公司	华联综超
江西铜业股份有限公司	江西铜业
江西联创光电科技股份有限公司	联创光电
通化葡萄酒股份有限公司	通葡股份
宁波韵升股份有限公司	宁波韵升
贵州红星发展股份有限公司	红星发展
广西五洲交通股份有限公司	五洲交通
西南证券股份有限公司	西南证券
江苏三房巷实业股份有限公司	三房巷
万向德农股份有限公司	万向德农
中航航空电子系统股份有限公司	中航电子
中文天地出版传媒股份有限公司	中文传媒
华菱星马汽车(集团)股份有限公司	华菱星马
北京首都开发股份有限公司	首开股份
江苏宁沪高速公路股份有限公司	宁沪高速
四川天一科技股份有限公司	天科股份
陕西宝光真空电器股份有限公司	宝光股份
健康元药业集团股份有限公司	健康元
青海春天药用资源科技股份有限公司	青海春天
广东明珠集团股份有限公司	广东明珠
金地(集团)股份有限公司	金地集团
山东金泰集团股份有限公司	山东金泰
北京巴士传媒股份有限公司	北巴传媒
浙江海越股份有限公司	海越股份
福建龙净环保股份有限公司	龙净环保
南通江山农药化工股份有限公司	江山股份
金瑞新材料科技股份有限公司	金瑞科技
四川成发航空科技股份有限公司	成发科技
盛和资源控股股份有限公司	盛和资源
广州东华实业股份有限公司	东华实业
贵州盘江精煤股份有限公司	盘江股份
沈阳金山能源股份有限公司	金山股份
安源煤业集团股份有限公司	安源煤业
海澜之家股份有限公司	海澜之家
抚顺特殊钢股份有限公司	抚顺特钢
江苏红豆实业股份有限公司	红豆股份
海润光伏科技股份有限公司	海润光伏
河南大有能源股份有限公司	大有能源
北京动力源科技股份有限公司	动力源
国电南瑞科技股份有限公司	国电南瑞
山西安泰集团股份有限公司	安泰集团
唐山三友化工股份有限公司	三友化工
北京华胜天成科技股份有限公司	华胜天成
浙江中国小商品城集团股份有限公司	小商品城
湘潭电机股份有限公司	湘电股份
安徽江淮汽车股份有限公司	江淮汽车
新疆天润乳业股份有限公司	天润乳业
上海现代制药股份有限公司	现代制药
湖北仰帆控股股份有限公司	仰帆控股
昆药集团股份有限公司	昆药集团
柳州化工股份有限公司	柳化股份
新疆青松建材化工(集团)股份有限公司	青松建化
山东华鲁恒升化工股份有限公司	华鲁恒升
中远航运股份有限公司	中远航运
北京三元食品股份有限公司	三元股份
吉林吉恩镍业股份有限公司	吉恩镍业
广东冠豪高新技术股份有限公司	冠豪高新
北方导航控制技术股份有限公司	北方导航
漳州片仔癀药业股份有限公司	片仔癀
通威股份有限公司	通威股份
河南瑞贝卡发制品股份有限公司	瑞贝卡
安徽国通高新管业股份有限公司	国通管业
深圳市金证科技股份有限公司	金证股份
华纺股份有限公司	华纺股份
宁夏建材集团股份有限公司	宁夏建材
重庆涪陵电力实业股份有限公司	涪陵电力
西安博通资讯股份有限公司	博通股份
宝鸡钛业股份有限公司	宝钛股份
株洲时代新材料科技股份有限公司	时代新材
贵研铂业股份有限公司	贵研铂业
杭州士兰微电子股份有限公司	士兰微
江西洪城水业股份有限公司	洪城水业
延边石岘白麓纸业股份有限公司	石岘纸业
北京空港科技园区股份有限公司	空港股份
四川蓝光发展股份有限公司	蓝光发展
山东好当家海洋发展股份有限公司	好当家
天津百利特精电气股份有限公司	百利电气
风神轮胎股份有限公司	风神股份
安徽六国化工股份有限公司	六国化工
包头铝业股份有限公司	包头铝业
无锡华光锅炉股份有限公司	华光股份
湖南湘邮科技股份有限公司	湘邮科技
杭萧钢构股份有限公司	杭萧钢构
湖南科力远新能源股份有限公司	科力远
株洲千金药业股份有限公司	千金药业
凌云工业股份有限公司	凌云股份
双良节能系统股份有限公司	双良节能
风帆股份有限公司	风帆股份
福建福能股份有限公司	福能股份
北京信威通信科技集团股份有限公司	信威集团
江苏扬农化工股份有限公司	扬农化工
江苏亨通光电股份有限公司	亨通光电
天津天药药业股份有限公司	天药股份
中金黄金股份有限公司	中金黄金
鹏欣环球资源股份有限公司	鹏欣资源
龙元建设集团股份有限公司	龙元建设
福建凤竹纺织科技股份有限公司	凤竹纺织
晋西车轴股份有限公司	晋西车轴
长江精工钢结构(集团)股份有限公司	精工钢构
云南驰宏锌锗股份有限公司	驰宏锌锗
烽火通信科技股份有限公司	烽火通信
广东科达洁能股份有限公司	科达洁能
中化国际(控股)股份有限公司	中化国际
航天晨光股份有限公司	航天晨光
安徽水利开发股份有限公司	安徽水利
华丽家族股份有限公司	华丽家族
四川西昌电力股份有限公司	西昌电力
新疆库尔勒香梨股份有限公司	香梨股份
方大特钢科技股份有限公司	方大特钢
上海大屯能源股份有限公司	上海能源
新疆天富能源股份有限公司	天富能源
黑牡丹(集团)股份有限公司	黑牡丹
国药集团药业股份有限公司	国药股份
腾达建设集团股份有限公司	腾达建设
江苏联环药业股份有限公司	联环药业
海南海航基础设施投资集团股份有限公司	海航基础
方大炭素新材料科技股份有限公司	方大炭素
上海置信电气股份有限公司	置信电气
康美药业股份有限公司	康美药业
贵州茅台酒股份有限公司	贵州茅台
铜陵中发三佳科技股份有限公司	中发科技
浙江华海药业股份有限公司	华海药业
江苏中天科技股份有限公司	中天科技
贵州贵航汽车零部件股份有限公司	贵航股份
长园集团股份有限公司	长园集团
浙江菲达环保科技股份有限公司	菲达环保
江苏江南高纤股份有限公司	江南高纤
中铁二局股份有限公司	中铁二局
山东省药用玻璃股份有限公司	山东药玻
上海交大昂立股份有限公司	交大昂立
河南豫光金铅股份有限公司	豫光金铅
山东宏达矿业股份有限公司	宏达矿业
南京栖霞建设股份有限公司	栖霞建设
天士力制药集团股份有限公司	天士力
中国软件与技术服务股份有限公司	中国软件
亿晶光电科技股份有限公司	亿晶光电
北海国发海洋生物产业股份有限公司	国发股份
太原狮头水泥股份有限公司	狮头股份
新疆赛里木现代农业股份有限公司	新赛股份
甘肃莫高实业发展股份有限公司	莫高股份
新疆城建(集团)股份有限公司	新疆城建
山煤国际能源集团股份有限公司	山煤国际
山东黄金矿业股份有限公司	山东黄金
深圳高速公路股份有限公司	深高速
厦门钨业股份有限公司	厦门钨业
保定天威保变电气股份有限公司	保变电气
时代出版传媒股份有限公司	时代出版
安徽方兴科技股份有限公司	方兴科技
河北太行水泥股份有限公司	太行水泥
海航创新(上海)股份有限公司	海航创新
广西慧球科技股份有限公司	慧球科技
江苏康缘药业股份有限公司	康缘药业
四川大西洋焊接材料股份有限公司	大西洋
河北衡水老白干酒业股份有限公司	老白干酒
北京金自天正智能控制股份有限公司	金自天正
江西长运股份有限公司	江西长运
国睿科技股份有限公司	国睿科技
厦门法拉电子股份有限公司	法拉电子
重庆市迪马实业股份有限公司	迪马股份
湖北济川药业股份有限公司	济川药业
安徽山鹰纸业股份有限公司	山鹰纸业
中珠控股股份有限公司	中珠控股
安阳钢铁股份有限公司	安阳钢铁
恒生电子股份有限公司	恒生电子
信雅达系统工程股份有限公司	信雅达
浙江康恩贝制药股份有限公司	康恩贝
福建省燕京惠泉啤酒股份有限公司	惠泉啤酒
安徽皖江物流(集团)股份有限公司	皖江物流
浙江万好万家文化股份有限公司	万家文化
铜陵精达特种电磁线股份有限公司	精达股份
北京京能电力股份有限公司	京能电力
青岛天华院化学工程股份有限公司	天华院
卧龙电气集团股份有限公司	卧龙电气
新疆八一钢铁股份有限公司	八一钢铁
天地科技股份有限公司	天地科技
海洋石油工程股份有限公司	海油工程
江苏长电科技股份有限公司	长电科技
安徽海螺水泥股份有限公司	海螺水泥
山东金晶科技股份有限公司	金晶科技
山东新华医疗器械股份有限公司	新华医疗
用友网络科技股份有限公司	用友网络
广东榕泰实业股份有限公司	广东榕泰
泰豪科技股份有限公司	泰豪科技
上海航空股份有限公司	上海航空
福建龙溪轴承(集团)股份有限公司	龙溪股份
大连圣亚旅游控股股份有限公司	大连圣亚
贵州益佰制药股份有限公司	益佰制药
河南中孚实业股份有限公司	中孚实业
浙江新安化工集团股份有限公司	新安股份
光明乳业股份有限公司	光明乳业
黑龙江北大荒农业股份有限公司	北大荒
熊猫金控股份有限公司	熊猫金控
青岛啤酒股份有限公司	青岛啤酒
方正科技集团股份有限公司	方正科技
上海仪电电子股份有限公司	仪电电子
大洲兴业控股股份有限公司	大洲兴业
上海市北高新股份有限公司	市北高新
上海汇通能源股份有限公司	汇通能源
绿地控股股份有限公司	绿地控股
上海实业医药投资股份有限公司	上实医药
上海宽频科技股份有限公司	上海科技
金杯汽车股份有限公司	金杯汽车
上海中毅达股份有限公司	中毅达
大众交通(集团)股份有限公司	大众交通
老凤祥股份有限公司	老凤祥
上海神奇制药投资管理股份有限公司	神奇制药
上海鼎立科技发展(集团)股份有限公司	鼎立股份
上海丰华(集团)股份有限公司	丰华股份
上海金枫酒业股份有限公司	金枫酒业
山西省国新能源股份有限公司	国新能源
上海氯碱化工股份有限公司	氯碱化工
上海海立(集团)股份有限公司	海立股份
上海市天宸股份有限公司	天宸股份
上海华鑫股份有限公司	华鑫股份
上海嘉宝实业(集团)股份有限公司	嘉宝集团
双钱集团股份有限公司	双钱股份
上海复旦复华科技股份有限公司	复旦复华
上海水仙电器股份有限公司	水仙电器
上海申达股份有限公司	申达股份
上海输配电股份有限公司	上电股份
上海新世界股份有限公司	新世界
华东建筑集团股份有限公司	华建集团
上海龙头(集团)股份有限公司	龙头股份
上海百联集团股份有限公司	百联股份
上海华联商厦股份有限公司	华联商厦
浙报传媒集团股份有限公司	浙报传媒
上海中技投资控股股份有限公司	中技控股
上海大众公用事业(集团)股份有限公司	大众公用
上海三爱富新材料股份有限公司	三爱富
上海东方明珠新媒体股份有限公司	东方明珠
上海新黄浦置业股份有限公司	新黄浦
上海金桥出口加工区开发股份有限公司	浦东金桥
号百控股股份有限公司	号百控股
上海万业企业股份有限公司	万业企业
申能股份有限公司	申能股份
上海爱建集团股份有限公司	爱建集团
乐山电力股份有限公司	乐山电力
中源协和细胞基因工程股份有限公司	中源协和
上海国嘉实业股份有限公司	国嘉实业
上海同达创业投资股份有限公司	同达创业
上海外高桥集团股份有限公司	外高桥
上海城投控股股份有限公司	城投控股
上海锦江国际实业投资股份有限公司	锦江投资
上海飞乐音响股份有限公司	飞乐音响
上海游久游戏股份有限公司	游久游戏
上海申华控股股份有限公司	申华控股
中安消股份有限公司	中安消
上海豫园旅游商城股份有限公司	豫园商城
珠海市博元投资股份有限公司	博元投资
信达地产股份有限公司	信达地产
北京电子城投资开发股份有限公司	电子城
福建闽越花雕股份有限公司	闽越花雕
福耀玻璃工业集团股份有限公司	福耀玻璃
上海新南洋股份有限公司	新南洋
上海强生控股股份有限公司	强生控股
上海陆家嘴金融贸易区开发股份有限公司	陆家嘴
哈药集团股份有限公司	哈药股份
天地源股份有限公司	天地源
奥瑞德光电股份有限公司	奥瑞德
无锡市太极实业股份有限公司	太极实业
浙江尖峰集团股份有限公司	尖峰集团
鞍山合成(集团)股份有限公司	鞍山合成
长春高斯达生物科技集团股份有限公司	高斯达
杭州天目山药业股份有限公司	天目药业
广东华圣科技股份有限公司	华圣科技
广东东阳光科技控股股份有限公司	东阳光科
四川川投能源股份有限公司	川投能源
中华企业股份有限公司	中华企业
上海交运集团股份有限公司	交运股份
航天通信控股集团股份有限公司	航天通信
四川金顶(集团)股份有限公司	四川金顶
上海凤凰企业(集团)股份有限公司	上海凤凰
上海普天邮通科技股份有限公司	上海普天
万鸿集团股份有限公司	万鸿集团
南京新街口百货商店股份有限公司	南京新百
京投银泰股份有限公司	京投银泰
广州珠江实业开发股份有限公司	珠江实业
中船海洋与防务装备股份有限公司	中船防务
厦门金龙汽车集团股份有限公司	金龙汽车
甘肃刚泰控股(集团)股份有限公司	刚泰控股
中国石化上海石油化工股份有限公司	上海石化
上海三毛企业(集团)股份有限公司	上海三毛
青岛海尔股份有限公司	青岛海尔
阳煤化工股份有限公司	阳煤化工
上海亚通股份有限公司	亚通股份
福建东百集团股份有限公司	东百集团
大商股份有限公司	大商股份
上海绿庭投资控股集团股份有限公司	绿庭投资
匹凸匹金融信息服务(上海)股份有限公司	匹凸匹
长春欧亚集团股份有限公司	欧亚集团
湖南天雁机械股份有限公司	湖南天雁
宁波均胜电子股份有限公司	均胜电子
陕西煤航数码测绘(集团)股份有限公司	数码测绘
哈尔滨工大高新技术产业开发股份有限公司	工大高新
四川沱牌舍得酒业股份有限公司	沱牌舍得
三安光电股份有限公司	三安光电
物产中大集团股份有限公司	物产中大
中航资本控股股份有限公司	中航资本
西安曲江文化旅游股份有限公司	曲江文旅
彩虹显示器件股份有限公司	彩虹股份
光明房地产集团股份有限公司	光明地产
湖北江湖生态农业股份有限公司	生态农业
常林股份有限公司	常林股份
盛屯矿业集团股份有限公司	盛屯矿业
南宁百货大楼股份有限公司	南宁百货
南京医药股份有限公司	南京医药
青海金瑞矿业发展股份有限公司	金瑞矿业
松辽汽车股份有限公司	松辽汽车
江苏凤凰置业投资股份有限公司	凤凰股份
天津港股份有限公司	天津港
东软集团股份有限公司	东软集团
大连热电股份有限公司	大连热电
甘肃祁连山水泥集团股份有限公司	祁连山
新疆百花村股份有限公司	百花村
河北金牛化工股份有限公司	金牛化工
北京首商集团股份有限公司	首商股份
宁波富达股份有限公司	宁波富达
云南云维股份有限公司	云维股份
华电能源股份有限公司	华电能源
山东鲁北化工股份有限公司	鲁北化工
佳都新太科技股份有限公司	佳都科技
重庆百货大楼股份有限公司	重庆百货
中国高科集团股份有限公司	中国高科
湖南海利化工股份有限公司	湖南海利
上海新梅置业股份有限公司	上海新梅
成都前锋电子股份有限公司	前锋股份
福建实达集团股份有限公司	实达集团
山东新华锦国际股份有限公司	新华锦
苏州新区高新技术产业股份有限公司	苏州高新
中粮屯河股份有限公司	中粮屯河
兰州民百(集团)股份有限公司	兰州民百
辽宁成大股份有限公司	辽宁成大
山西焦化股份有限公司	山西焦化
华域汽车系统股份有限公司	华域汽车
长春一汽富维汽车零部件股份有限公司	一汽富维
华远地产股份有限公司	华远地产
大唐华银电力股份有限公司	华银电力
中茵股份有限公司	中茵股份
江苏索普化工股份有限公司	江苏索普
大连大显控股股份有限公司	大连控股
上海实业发展股份有限公司	上实发展
西藏旅游股份有限公司	西藏旅游
江中药业股份有限公司	江中药业
天津天海投资发展股份有限公司	天海投资
哈慈股份有限公司	哈慈股份
河南东方银星投资股份有限公司	东方银星
上海锦江国际酒店发展股份有限公司	锦江股份
厦门国贸集团股份有限公司	厦门国贸
浪潮软件股份有限公司	浪潮软件
长江出版传媒股份有限公司	长江传媒
辽宁红阳能源投资股份有限公司	红阳能源
洲际油气股份有限公司	洲际油气
中航黑豹股份有限公司	中航黑豹
安徽合力股份有限公司	安徽合力
衡阳市金荔科技农业股份有限公司	金荔科技
通策医疗投资股份有限公司	通策医疗
中电广通股份有限公司	中电广通
中航重机股份有限公司	中航重机
烟台园城黄金股份有限公司	园城黄金
运盛(上海)医疗科技股份有限公司	运盛医疗
宁波富邦精业集团股份有限公司	宁波富邦
武汉祥龙电业股份有限公司	祥龙电业
江苏综艺股份有限公司	综艺股份
广誉远中药股份有限公司	广誉远
中油龙昌股份有限公司	石油龙昌
西藏城市发展投资股份有限公司	西藏城投
武汉市汉商集团股份有限公司	汉商集团
南京熊猫电子股份有限公司	南京熊猫
东方通信股份有限公司	东方通信
烟台新潮实业股份有限公司	新潮实业
新疆友好(集团)股份有限公司	友好集团
四川水井坊股份有限公司	水井坊
山西通宝能源股份有限公司	通宝能源
辅仁药业集团实业股份有限公司	辅仁药业
新余钢铁股份有限公司	新钢股份
鲁信创业投资集团股份有限公司	鲁信创投
鲁银投资集团股份有限公司	鲁银投资
银川新华百货商业集团股份有限公司	新华百货
东方锅炉(集团)股份有限公司	东方锅炉
中储发展股份有限公司	中储股份
西安达尔曼实业股份有限公司	达尔曼
山东鲁抗医药股份有限公司	鲁抗医药
浙江中国轻纺城集团股份有限公司	轻纺城
京能置业股份有限公司	京能置业
云南煤业能源股份有限公司	云煤能源
宜宾纸业股份有限公司	宜宾纸业
张家港保税科技股份有限公司	保税科技
国电电力发展股份有限公司	国电电力
浙江钱江生物化学股份有限公司	钱江生化
浙大网新科技股份有限公司	浙大网新
宁波海运股份有限公司	宁波海运
黑龙江省科利华网络股份有限公司	科利华
天津环球磁卡股份有限公司	天津磁卡
华新水泥股份有限公司	华新水泥
福建水泥股份有限公司	福建水泥
新奥生态控股股份有限公司	新奥股份
鹏博士电信传媒集团股份有限公司	鹏博士
江苏悦达投资股份有限公司	悦达投资
沈机集团昆明机床股份有限公司	昆明机床
山东天业恒基股份有限公司	天业股份
马鞍山钢铁股份有限公司	马钢股份
山西杏花村汾酒厂股份有限公司	山西汾酒
神马实业股份有限公司	神马股份
东方集团股份有限公司	东方集团
华北制药股份有限公司	华北制药
鞍山第一工程机械股份有限公司	鞍山一工
杭州解百集团股份有限公司	杭州解百
厦门厦工机械股份有限公司	厦工股份
安信信托股份有限公司	安信信托
西安宏盛科技发展股份有限公司	宏盛科技
中路股份有限公司	中路股份
上海耀皮玻璃集团股份有限公司	耀皮玻璃
上海隧道工程股份有限公司	隧道股份
天津劝业场(集团)股份有限公司	津劝业
上海物资贸易股份有限公司	上海物贸
上海世茂股份有限公司	世茂股份
上海益民商业集团股份有限公司	益民集团
上海新华传媒股份有限公司	新华传媒
上海兰生股份有限公司	兰生股份
上海百联集团股份有限公司	百联股份
成商集团股份有限公司	成商集团
哈药集团人民同泰医药股份有限公司	人民同泰
香溢融通控股集团股份有限公司	香溢融通
陕西广电网络传媒(集团)股份有限公司	广电网络
上海东方明珠(集团)股份有限公司	东方明珠
上海第一医药股份有限公司	第一医药
上海申通地铁股份有限公司	申通地铁
上海机电股份有限公司	上海机电
上海界龙实业集团股份有限公司	界龙实业
海通证券股份有限公司	海通证券
上海九百股份有限公司	上海九百
四川长虹电器股份有限公司	四川长虹
浙江新湖创业投资股份有限公司	新湖创业
上海柴油机股份有限公司	上柴股份
上海中西药业股份有限公司	中西药业
上工申贝(集团)股份有限公司	上工申贝
丹化化工科技股份有限公司	丹化科技
上海宝信软件股份有限公司	宝信软件
上海同济科技实业股份有限公司	同济科技
重庆万里新能源股份有限公司	万里股份
上海临港控股股份有限公司	上海临港
上海市医药股份有限公司	上海医药
上海华东电脑股份有限公司	华东电脑
上海海欣集团股份有限公司	海欣股份
中国四川国际合作股份有限公司	中川国际
龙建路桥股份有限公司	龙建股份
江苏春兰制冷设备股份有限公司	春兰股份
北京航天长峰股份有限公司	航天长峰
长春中天能源股份有限公司	中天能源
宁波中百股份有限公司	宁波中百
银座集团股份有限公司	银座股份
王府井集团股份有限公司	王府井
北京京城机电股份有限公司	京城股份
北京城乡贸易中心股份有限公司	北京城乡
南通科技投资集团股份有限公司	南通科技
内蒙古蒙电华能热电股份有限公司	内蒙华电
哈尔滨哈投投资股份有限公司	哈投股份
百大集团股份有限公司	百大集团
广东肇庆星湖生物科技股份有限公司	星湖科技
通化东宝药业股份有限公司	通化东宝
广东梅雁吉祥水电股份有限公司	梅雁吉祥
远东智慧能源股份有限公司	智慧能源
厦门华侨电子股份有限公司	厦华电子
中石化石油工程技术服务股份有限公司	石化油服
中炬高新技术实业(集团)股份有限公司	中炬高新
梅花生物科技集团股份有限公司	梅花生物
天津创业环保集团股份有限公司	创业环保
东方电气股份有限公司	东方电气
洛阳玻璃股份有限公司	洛阳玻璃
中国嘉陵工业股份有限公司(集团)	中国嘉陵
大连北大科技(集团)股份有限公司	北大科技
航天时代电子技术股份有限公司	航天电子
成都博瑞传播股份有限公司	博瑞传播
吉林亚泰(集团)股份有限公司	亚泰集团
山东华联矿业控股股份有限公司	华联矿业
云南博闻科技实业股份有限公司	博闻科技
宁波杉杉股份有限公司	杉杉股份
宏发科技股份有限公司	宏发股份
国投电力控股股份有限公司	国投电力
内蒙古伊利实业集团股份有限公司	伊利股份
新疆众和股份有限公司	新疆众和
南京化纤股份有限公司	南京化纤
中房置业股份有限公司	中房股份
哈尔滨秋林集团股份有限公司	秋林集团
宝诚投资股份有限公司	宝诚股份
中航动力股份有限公司	中航动力
广州广日股份有限公司	广日股份
上海张江高科技园区开发股份有限公司	张江高科
中海(海南)海盛船务股份有限公司	中海海盛
元翔(厦门)国际航空港股份有限公司	厦门空港
三联商社股份有限公司	三联商社
浙江信联股份有限公司	信联股份
中国长江电力股份有限公司	长江电力
重庆燃气集团股份有限公司	重庆燃气
东方证券股份有限公司	东方证券
江苏省广电有线信息网络股份有限公司	江苏有线
山东滨州渤海活塞股份有限公司	渤海活塞
株洲冶炼集团股份有限公司	株冶集团
国投中鲁果汁股份有限公司	国投中鲁
岳阳林纸股份有限公司	岳阳林纸
河北福成五丰食品股份有限公司	福成五丰
山东博汇纸业股份有限公司	博汇纸业
包头北方创业股份有限公司	北方创业
湖南郴电国际发展股份有限公司	郴电国际
中国中材国际工程股份有限公司	中材国际
安徽恒源煤电股份有限公司	恒源煤电
宝胜科技创新股份有限公司	宝胜股份
湖南新五丰股份有限公司	新五丰
健民药业集团股份有限公司	健民集团
广东省宜华木业股份有限公司	宜华木业
四川广安爱众股份有限公司	广安爱众
北矿磁材科技股份有限公司	北矿磁材
江苏汇鸿国际集团股份有限公司	汇鸿集团
宁波热电股份有限公司	宁波热电
惠而浦(中国)股份有限公司	惠而浦
陕西建设机械股份有限公司	建设机械
安徽雷鸣科化股份有限公司	雷鸣科化
科达集团股份有限公司	科达股份
浙江航民股份有限公司	航民股份
赤峰吉隆黄金矿业股份有限公司	赤峰黄金
安徽四创电子股份有限公司	四创电子
广汽长丰汽车股份有限公司	广汽长丰
贵州钢绳股份有限公司	贵绳股份
马应龙药业集团股份有限公司	马应龙
云南文山电力股份有限公司	文山电力
开滦能源化工股份有限公司	开滦股份
九州通医药集团股份有限公司	九州通
招商证券股份有限公司	招商证券
唐山港集团股份有限公司	唐山港
大同煤业股份有限公司	大同煤业
晋亿实业股份有限公司	晋亿实业
柳州钢铁股份有限公司	柳钢股份
重庆钢铁股份有限公司	重庆钢铁
大秦铁路股份有限公司	大秦铁路
金陵饭店股份有限公司	金陵饭店
江苏连云港港口股份有限公司	连云港
南京银行股份有限公司	南京银行
文峰大世界连锁发展股份有限公司	文峰股份
七台河宝泰隆煤化工股份有限公司	宝泰隆
西安隆基硅材料股份有限公司	隆基股份
陕西黑猫焦化股份有限公司	陕西黑猫
中节能风力发电股份有限公司	节能风电
宁波港股份有限公司	宁波港
西藏华钰矿业股份有限公司	华钰矿业
春秋航空股份有限公司	春秋航空
江苏玉龙钢管股份有限公司	玉龙股份
第一拖拉机股份有限公司	一拖股份
赛轮金宇集团股份有限公司	赛轮金宇
西部黄金股份有限公司	西部黄金
中国神华能源股份有限公司	中国神华
中南出版传媒集团股份有限公司	中南传媒
太平洋证券股份有限公司	太平洋
江苏恒立液压股份有限公司	恒立液压
北京昊华能源股份有限公司	昊华能源
中国第一重型机械股份公司	中国一重
四川成渝高速公路股份有限公司	四川成渝
中国国际航空股份有限公司	中国国航
义乌华鼎锦纶股份有限公司	华鼎股份
三江购物俱乐部股份有限公司	三江购物
中国化学工程股份有限公司	中国化学
海南天然橡胶产业集团股份有限公司	海南橡胶
北京四方继保自动化股份有限公司	四方股份
宁波博威合金材料股份有限公司	博威合金
深圳市燃气集团股份有限公司	深圳燃气
新城控股集团股份有限公司	新城控股
重庆水务集团股份有限公司	重庆水务
兴业银行股份有限公司	兴业银行
西部矿业股份有限公司	西部矿业
北京银行股份有限公司	北京银行
杭州前进齿轮箱集团股份有限公司	杭齿前进
中国西电电气股份有限公司	中国西电
中国铁建股份有限公司	中国铁建
黑龙江交通发展股份有限公司	龙江交通
东兴证券股份有限公司	东兴证券
江苏江南水务股份有限公司	江南水务
四川东材科技集团股份有限公司	东材科技
国泰君安证券股份有限公司	国泰君安
内蒙古君正能源化工集团股份有限公司	君正集团
江苏吉鑫风能科技股份有限公司	吉鑫科技
江苏林洋能源股份有限公司	林洋能源
陕西煤业股份有限公司	陕西煤业
华电重工股份有限公司	华电重工
环旭电子股份有限公司	环旭电子
桐昆集团股份有限公司	桐昆股份
广州汽车集团股份有限公司	广汽集团
庞大汽贸集团股份有限公司	庞大集团
二重集团(德阳)重型装备股份有限公司	二重重装
中国农业银行股份有限公司	农业银行
中国北车股份有限公司	中国北车
骆驼集团股份有限公司	骆驼股份
江南嘉捷电梯股份有限公司	江南嘉捷
中国平安保险(集团)股份有限公司	中国平安
交通银行股份有限公司	交通银行
广深铁路股份有限公司	广深铁路
新华人寿保险股份有限公司	新华保险
百隆东方股份有限公司	百隆东方
广西绿城水务股份有限公司	绿城水务
西安陕鼓动力股份有限公司	陕鼓动力
兴业证券股份有限公司	兴业证券
怡球金属资源再生(中国)股份有限公司	怡球资源
中国中铁股份有限公司	中国中铁
中国工商银行股份有限公司	工商银行
汕头东风印刷股份有限公司	东风股份
吉林高速公路股份有限公司	吉林高速
上海大智慧股份有限公司	大智慧
东吴证券股份有限公司	东吴证券
华锐风电科技(集团)股份有限公司	华锐风电
九牧王股份有限公司	九牧王
宁波三星医疗电气股份有限公司	三星医疗
会稽山绍兴酒股份有限公司	会稽山
北京北辰实业股份有限公司	北辰实业
江苏鹿港科技股份有限公司	鹿港科技
中国铝业股份有限公司	中国铝业
中国太平洋保险(集团)股份有限公司	中国太保
上海医药集团股份有限公司	上海医药
中信重工机械股份有限公司	中信重工
上海广电电气(集团)股份有限公司	广电电气
中国冶金科工股份有限公司	中国中冶
中国人寿保险股份有限公司	中国人寿
长城汽车股份有限公司	长城汽车
株洲旗滨集团股份有限公司	旗滨集团
平顶山天安煤业股份有限公司	平煤股份
中国建筑股份有限公司	中国建筑
中国电力建设股份有限公司	中国电建
河南明泰铝业股份有限公司	明泰铝业
滨化集团股份有限公司	滨化股份
华泰证券股份有限公司	华泰证券
宁波拓普集团股份有限公司	拓普集团
山西潞安环保能源开发股份有限公司	潞安环能
常熟风范电力设备股份有限公司	风范股份
郑州煤矿机械集团股份有限公司	郑煤机
际华集团股份有限公司	际华集团
上海电气集团股份有限公司	上海电气
中国中车股份有限公司	中国中车
力帆实业(集团)股份有限公司	力帆股份
光大证券股份有限公司	光大证券
宁波建工股份有限公司	宁波建工
甘肃蓝科石化高新装备股份有限公司	蓝科高新
常州星宇车灯股份有限公司	星宇股份
中国交通建设股份有限公司	中国交建
安徽新华传媒股份有限公司	皖新传媒
中海油田服务股份有限公司	中海油服
中国光大银行股份有限公司	光大银行
中国石油天然气股份有限公司	中国石油
中海集装箱运输股份有限公司	中海集运
招商局能源运输股份有限公司	招商轮船
浙江正泰电器股份有限公司	正泰电器
大连港股份有限公司	大连港
江河创建集团股份有限公司	江河创建
中国国旅股份有限公司	中国国旅
江苏亚星锚链股份有限公司	亚星锚链
中国中煤能源股份有限公司	中煤能源
紫金矿业集团股份有限公司	紫金矿业
南方出版传媒股份有限公司	南方传媒
方正证券股份有限公司	方正证券
北京京运通科技股份有限公司	京运通
国投新集能源股份有限公司	国投新集
中国远洋控股股份有限公司	中国远洋
江苏凤凰出版传媒股份有限公司	凤凰传媒
吉视传媒股份有限公司	吉视传媒
永辉超市股份有限公司	永辉超市
中国建设银行股份有限公司	建设银行
金堆城钼业股份有限公司	金钼股份
中国汽车工程研究院股份有限公司	中国汽研
上海宝钢包装股份有限公司	宝钢包装
海南矿业股份有限公司	海南矿业
中国核能电力股份有限公司	中国核电
中国银行股份有限公司	中国银行
中国船舶重工股份有限公司	中国重工
大唐国际发电股份有限公司	大唐发电
北京金隅股份有限公司	金隅股份
广西丰林木业集团股份有限公司	丰林集团
中信银行股份有限公司	中信银行
北方联合出版传媒(集团)股份有限公司	出版传媒
人民网股份有限公司	人民网
浙江奥康鞋业股份有限公司	奥康国际
宏昌电子材料股份有限公司	宏昌电子
上海龙宇燃油股份有限公司	龙宇燃油
苏州晶方半导体科技股份有限公司	晶方科技
上海联明机械股份有限公司	联明股份
喜临门家具股份有限公司	喜临门
上海北特科技股份有限公司	北特科技
浙江万盛股份有限公司	万盛股份
合肥合锻机床股份有限公司	合锻股份
上海创力集团股份有限公司	创力集团
宁波弘讯科技股份有限公司	弘讯科技
中衡设计集团股份有限公司	中衡设计
江苏省交通规划设计院股份有限公司	设计股份
曙光信息产业股份有限公司	中科曙光
爱普香料集团股份有限公司	爱普股份
山东华鹏玻璃股份有限公司	山东华鹏
上海新通联包装股份有限公司	新通联
哈尔滨威帝电子股份有限公司	威帝股份
北京大豪科技股份有限公司	大豪科技
山东石大胜华化工集团股份有限公司	石大胜华
千禾味业食品股份有限公司	千禾味业
江苏赛福天钢索股份有限公司	赛福天
上海全筑建筑装饰集团股份有限公司	全筑股份
南京音飞储存设备股份有限公司	音飞储存
四川和邦生物科技股份有限公司	和邦生物
浙江天成自控股份有限公司	天成自控
宁波精达成形装备股份有限公司	宁波精达
长白山旅游股份有限公司	长白山
重庆川仪自动化股份有限公司	川仪股份
上海润达医疗科技股份有限公司	润达医疗
南京康尼机电股份有限公司	康尼机电
浙江红蜻蜓鞋业股份有限公司	红蜻蜓
江苏万林现代物流股份有限公司	万林股份
深圳市共进电子股份有限公司	共进股份
北京翠微大厦股份有限公司	翠微股份
中材节能股份有限公司	中材节能
港中旅华贸国际物流股份有限公司	华贸物流
常州腾龙汽车零部件股份有限公司	腾龙股份
桂林福达股份有限公司	福达股份
渤海轮渡股份有限公司	渤海轮渡
浙江莎普爱思药业股份有限公司	莎普爱思
兰州兰石重型装备股份有限公司	兰石重装
江苏亚邦染料股份有限公司	亚邦股份
安徽迎驾贡酒股份有限公司	迎驾贡酒
安徽九华山旅游发展股份有限公司	九华旅游
浙江济民制药股份有限公司	济民制药
恒通物流股份有限公司	恒通股份
新疆雪峰科技(集团)股份有限公司	雪峰科技
广东松发陶瓷股份有限公司	松发股份
佛山市海天调味食品股份有限公司	海天味业
江苏井神盐化股份有限公司	井神股份
浙江华铁建筑安全科技股份有限公司	华铁科技
华懋(厦门)新材料科技股份有限公司	华懋科技
安徽应流机电股份有限公司	应流股份
广州维力医疗器械股份有限公司	维力医疗
浙江金海环境技术股份有限公司	金海环境
辽宁福鞍重工股份有限公司	福鞍股份
大连派思燃气系统股份有限公司	派思股份
广东依顿电子科技股份有限公司	依顿电子
四川明星电缆股份有限公司	明星电缆
浙江鼎力机械股份有限公司	浙江鼎力
莱克电气股份有限公司	莱克电气
日出东方太阳能股份有限公司	日出东方
广西柳州医药股份有限公司	柳州医药
江苏今世缘酒业股份有限公司	今世缘
东方时尚驾驶学校股份有限公司	东方时尚
广东邦宝益智玩具股份有限公司	邦宝益智
锦州新华龙钼业股份有限公司	新华龙
浙江九洲药业股份有限公司	九洲药业
河南思维自动化设备股份有限公司	思维列控
维格娜丝时装股份有限公司	维格娜丝
江苏立霸实业股份有限公司	立霸股份
浙江司太立制药股份有限公司	司太立
贵人鸟股份有限公司	贵人鸟
浙江健盛集团股份有限公司	健盛集团
普莱柯生物工程股份有限公司	普莱柯
黑龙江珍宝岛药业股份有限公司	珍宝岛
浙江伟明环保股份有限公司	伟明环保
北京高能时代环境技术股份有限公司	高能环境
安徽口子酒业股份有限公司	口子窖
引力传媒股份有限公司	引力传媒
安徽广信农化股份有限公司	广信股份
永艺家具股份有限公司	永艺股份
重庆再升科技股份有限公司	再升科技
宁波东方电缆股份有限公司	东方电缆
广州天创时尚鞋业股份有限公司	天创时尚
辽宁禾丰牧业股份有限公司	禾丰牧业
浙江诺力机械股份有限公司	诺力股份
北京韩建河山管业股份有限公司	韩建河山
杭州电缆股份有限公司	杭电股份
南威软件股份有限公司	南威软件
灵康药业集团股份有限公司	灵康药业
福建火炬电子科技股份有限公司	火炬电子
福建龙马环卫装备股份有限公司	龙马环卫
江苏太平洋石英股份有限公司	石英股份
安记食品股份有限公司	安记食品
航天长征化学工程股份有限公司	航天工程
苏州纽威阀门股份有限公司	纽威股份
浙江盛洋科技股份有限公司	盛洋科技
上海海利生物技术股份有限公司	海利生物
上海龙韵广告传播股份有限公司	龙韵股份
隆鑫通用动力股份有限公司	隆鑫通用
北京乾景园林股份有限公司	乾景园林
宁波高发汽车控制系统股份有限公司	宁波高发
星光农机股份有限公司	星光农机
青岛康普顿科技股份有限公司	康普顿
浙江华友钴业股份有限公司	华友钴业
苏州道森钻采设备股份有限公司	道森股份
杭州福斯特光伏材料股份有限公司	福斯特
深圳歌力思服饰股份有限公司	歌力思
曲美家居集团股份有限公司	曲美家居
苏州柯利达装饰股份有限公司	柯利达
广东四通集团股份有限公司	四通股份
广州白云电器设备股份有限公司	白云电器
沈阳桃李面包股份有限公司	桃李面包
北部湾旅游股份有限公司	北部湾旅
老百姓大药房连锁股份有限公司	老百姓
上海吉祥航空股份有限公司	吉祥航空
浙江新澳纺织股份有限公司	新澳股份
广州好莱客创意家居股份有限公司	好莱客
上海晨光文具股份有限公司	晨光文具
杭州永创智能设备股份有限公司	永创智能
上海金桥信息股份有限公司	金桥信息
金徽酒股份有限公司	金徽酒
博敏电子股份有限公司	博敏电子
益丰大药房连锁股份有限公司	益丰药房
南通醋酸化工股份有限公司	醋化股份
天津银龙预应力材料股份有限公司	银龙股份
金诚信矿业管理股份有限公司	金诚信
中电电机股份有限公司	中电电机
湖南艾华集团股份有限公司	艾华集团
洛阳栾川钼业集团股份有限公司	洛阳钼业
中新科技集团股份有限公司	中新科技
宁波继峰汽车零部件股份有限公司	继峰股份
湖南方盛制药股份有限公司	方盛制药
读者出版传媒股份有限公司	读者传媒
上海仪电电子股份有限公司	仪电电子
上海市北高新股份有限公司	市北高新
大众交通(集团)股份有限公司	大众交通
上海神奇制药投资管理股份有限公司	神奇制药
老凤祥股份有限公司	老凤祥
上海中毅达股份有限公司	中毅达
上海鼎立科技发展(集团)股份有限公司	鼎立股份
上海氯碱化工股份有限公司	氯碱化工
双钱集团股份有限公司	双钱股份
上海海立(集团)股份有限公司	海立股份
上海金桥出口加工区开发股份有限公司	浦东金桥
上海外高桥集团股份有限公司	外高桥
山西省国新能源股份有限公司	国新能源
上海锦江国际实业投资股份有限公司	锦江投资
中路股份有限公司	中路股份
上海凤凰企业(集团)股份有限公司	上海凤凰
上海海欣集团股份有限公司	海欣股份
上海耀皮玻璃集团股份有限公司	耀皮玻璃
上海绿庭投资控股集团股份有限公司	绿庭投资
上海柴油机股份有限公司	上柴股份
丹化化工科技股份有限公司	丹化科技
上海三毛企业(集团)股份有限公司	上海三毛
上海百联集团股份有限公司	百联股份
上工申贝(集团)股份有限公司	上工申贝
上海机电股份有限公司	上海机电
上海宝信软件股份有限公司	宝信软件
上海物资贸易股份有限公司	上海物贸
上海临港控股股份有限公司	上海临港
上海锦江国际旅游股份有限公司	锦旅股份
上海普天邮通科技股份有限公司	上海普天
上海水仙电器股份有限公司	水仙电器
上海陆家嘴金融贸易区开发股份有限公司	陆家嘴
华新水泥股份有限公司	华新水泥
上海锦江国际酒店发展股份有限公司	锦江股份
上海阳晨投资股份有限公司	阳晨股份
内蒙古鄂尔多斯资源股份有限公司	鄂尔多斯
华电能源股份有限公司	华电能源
天津天海投资发展股份有限公司	天海投资
上海汇丽建材股份有限公司	汇丽股份
上海大名城企业股份有限公司	大名城
东方通信股份有限公司	东方通信
黄山旅游发展股份有限公司	黄山旅游
上海开开实业股份有限公司	开开实业
海南航空股份有限公司	海南航空
湖南天雁机械股份有限公司	湖南天雁
上海振华重工(集团)股份有限公司	振华重工
内蒙古伊泰煤炭股份有限公司	伊煤股份
浙江东南发电股份有限公司	东南发电
江苏新城地产股份有限公司	新城地产
大化集团大连化工股份有限公司	大化股份
锦州港股份有限公司	锦州港
恒天凯马股份有限公司	凯马股份
海航创新(上海)股份有限公司	海航创新
黄石东贝电器股份有限公司	东贝电器
上海凌云实业发展股份有限公司	凌云科技
